ID_Cliente,Demografia_Regiao,Plano_Assinatura,Tempo_Visualizacao_Mensal_Horas,Interacoes_Suporte_Mensal,Media_Avaliacoes_Filmes,Status_Retencao,Data_Ultimo_Login
CLI_10001,Sudeste,Premium,109.4,0,4.6,Retido,N/A
CLI_10002,Nordeste,Padrão,94.2,1,3.7,Retido,N/A
CLI_10003,Sudeste,Premium,54.8,1,5.0,Retido,N/A
CLI_10004,Sudeste,Padrão,42.1,0,4.8,Retido,N/A
CLI_10005,Centro-Oeste,Padrão,,1,2.3,Churn,2025-08-04
CLI_10006,Sudeste,Básico,124.5,0,4.3,Retido,N/A
CLI_10007,Sudeste,Básico,82.9,0,4.2,Retido,N/A
CLI_10008,Sul,Premium,,0,4.0,Retido,N/A
CLI_10009,Sudeste,Premium,104.8,1,3.8,Retido,N/A
CLI_10010,Norte,Padrão,110.3,0,4.4,Retido,N/A
CLI_10011,Sudeste,Premium,77.6,0,4.1,Retido,N/A
CLI_10012,Sudeste,Padrão,131.7,0,4.7,Retido,N/A
CLI_10013,Sul,Premium,121.0,1,4.9,Retido,N/A
CLI_10014,Nordeste,Premium,58.3,0,3.6,Retido,N/A
CLI_10015,Sudeste,Premium,124.7,0,4.9,Retido,N/A
CLI_10016,Sudeste,Premium,88.7,0,3.8,Retido,N/A
CLI_10017,Sul,Padrão,146.1,1,4.7,Retido,N/A
CLI_10018,Sul,Premium,10.8,3,2.4,Churn,2025-05-29
CLI_10019,Sudeste,Premium,64.2,0,4.2,Retido,N/A
CLI_10020,Nordeste,Básico,30.9,0,4.6,Retido,N/A
CLI_10021,Sudeste,Básico,150.6,0,4.5,Retido,N/A
CLI_10022,Centro-Oeste,Padrão,112.7,0,4.1,Retido,N/A
CLI_10023,Centro-Oeste,Premium,130.8,1,3.6,Retido,N/A
CLI_10024,Sul,Padrão,104.5,1,3.8,Retido,N/A
CLI_10025,Centro-Oeste,Padrão,132.6,0,4.9,Retido,N/A
CLI_10026,Nordeste,Premium,67.7,0,3.9,Retido,N/A
CLI_10027,Sudeste,Básico,57.3,0,4.2,Retido,N/A
CLI_10028,Sudeste,Padrão,98.6,0,4.6,Retido,N/A
CLI_10029,Sudeste,Premium,33.4,2,3.9,Churn,N/A
CLI_10030,Norte,Padrão,102.1,0,4.1,Retido,N/A
CLI_10031,Centro-Oeste,Básico,83.7,0,4.0,Retido,N/A
CLI_10032,Centro-Oeste,Básico,32.8,0,3.5,Retido,N/A
CLI_10033,Centro-Oeste,Premium,78.2,1,3.9,Retido,N/A
CLI_10034,Sudeste,Premium,158.0,0,3.6,Retido,N/A
CLI_10035,Sudeste,Premium,100.6,1,4.8,Retido,N/A
CLI_10036,Sudeste,Premium,32.3,0,3.9,Retido,N/A
CLI_10037,Norte,Padrão,30.5,2,2.0,Churn,2025-06-10
CLI_10038,Sudeste,Padrão,68.6,0,4.0,Retido,N/A
CLI_10039,Nordeste,Padrão,63.9,2,3.6,Retido,N/A
CLI_10040,Sudeste,Básico,152.9,1,4.7,Retido,N/A
CLI_10041,Sudeste,Premium,107.6,1,4.9,Retido,N/A
CLI_10042,Sudeste,Padrão,45.6,1,4.1,Retido,N/A
CLI_10043,Sudeste,Básico,99.8,0,3.7,Retido,N/A
CLI_10044,Sul,Premium,64.7,2,4.5,Retido,N/A
CLI_10045,Sudeste,Básico,53.1,1,3.7,Churn,2025-07-02
CLI_10046,Sudeste,Premium,86.8,1,5.0,Retido,N/A
CLI_10047,Centro-Oeste,Básico,67.6,0,4.6,Retido,N/A
CLI_10048,Sudeste,Básico,146.3,0,3.6,Retido,N/A
CLI_10049,Centro-Oeste,Premium,35.1,0,4.3,Retido,N/A
CLI_10050,Nordeste,Padrão,58.1,1,4.8,Retido,N/A
CLI_10051,Sudeste,Premium,88.1,1,4.5,Retido,N/A
CLI_10052,Sul,Premium,125.4,0,4.2,Retido,N/A
CLI_10053,Nordeste,Básico,51.8,0,3.6,Retido,N/A
CLI_10054,Sudeste,Padrão,11.1,1,3.9,Churn,2025-08-02
CLI_10055,Sudeste,Básico,79.0,0,4.2,Retido,N/A
CLI_10056,Sudeste,Básico,73.4,0,4.6,Retido,N/A
CLI_10057,Sudeste,Padrão,58.8,0,5.0,Retido,N/A
CLI_10058,Sudeste,Padrão,23.3,1,3.9,Churn,2025-08-25
CLI_10059,Sudeste,Padrão,32.5,1,2.9,Churn,2025-09-16
CLI_10060,Sudeste,Básico,10.6,1,2.8,Churn,2025-05-27
CLI_10061,Sudeste,Básico,137.3,0,4.2,Retido,N/A
CLI_10062,Sudeste,Básico,7.2,2,3.8,Churn,2025-08-23
CLI_10063,Sul,Premium,121.9,0,4.2,Retido,N/A
CLI_10064,Sudeste,Padrão,42.6,1,2.6,Churn,2025-06-28
CLI_10065,Sudeste,Premium,70.4,0,3.7,Retido,N/A
CLI_10066,Sudeste,Premium,73.9,0,4.1,Retido,N/A
CLI_10067,Centro-Oeste,Básico,103.9,1,3.7,Retido,N/A
CLI_10068,Sul,Premium,126.4,0,4.8,Retido,N/A
CLI_10069,Sudeste,Premium,97.5,1,4.5,Retido,N/A
CLI_10070,Sudeste,Premium,67.5,1,3.9,Retido,N/A
CLI_10071,Sudeste,Padrão,102.7,1,4.3,Retido,N/A
CLI_10072,Nordeste,Básico,75.4,0,4.8,Retido,N/A
CLI_10073,Sudeste,Premium,18.6,1,2.4,Churn,2025-08-09
CLI_10074,Nordeste,Padrão,39.3,1,4.1,Retido,N/A
CLI_10075,Norte,Padrão,37.0,1,2.6,Churn,2025-07-06
CLI_10076,Sudeste,Básico,104.2,0,4.1,Retido,N/A
CLI_10077,Centro-Oeste,Premium,31.5,0,4.4,Retido,N/A
CLI_10078,Sul,Padrão,75.7,0,4.8,Retido,N/A
CLI_10079,Sudeste,Padrão,38.3,2,1.9,Churn,2025-04-30
CLI_10080,Centro-Oeste,Básico,58.4,0,4.2,Retido,N/A
CLI_10081,Nordeste,Padrão,68.2,1,3.5,Retido,N/A
CLI_10082,Nordeste,Básico,125.7,1,3.9,Retido,N/A
CLI_10083,Centro-Oeste,Básico,109.2,0,4.2,Retido,N/A
CLI_10084,Sudeste,Padrão,71.9,0,4.9,Retido,N/A
CLI_10085,Centro-Oeste,Premium,31.6,2,3.8,Retido,N/A
CLI_10086,Sul,Premium,57.8,2,4.4,Retido,N/A
CLI_10087,Sudeste,Básico,144.9,2,4.4,Retido,N/A
CLI_10088,Centro-Oeste,Premium,83.2,1,4.4,Retido,N/A
CLI_10089,Centro-Oeste,Premium,57.4,2,4.6,Retido,N/A
CLI_10090,Sul,Padrão,68.3,0,4.9,Retido,N/A
CLI_10091,Nordeste,Básico,56.6,1,4.4,Retido,N/A
CLI_10092,Sudeste,Básico,38.1,1,3.7,Retido,N/A
CLI_10093,Sudeste,Premium,131.9,1,3.8,Retido,N/A
CLI_10094,Sudeste,Padrão,113.4,0,4.6,Retido,N/A
CLI_10095,Sudeste,Básico,22.3,2,2.5,Churn,2025-05-02
CLI_10096,Nordeste,Padrão,21.1,2,3.0,Churn,2025-08-17
CLI_10097,Centro-Oeste,Básico,122.6,0,3.9,Retido,N/A
CLI_10098,Sudeste,Padrão,90.7,0,4.9,Retido,N/A
CLI_10099,Sudeste,Premium,82.5,1,4.4,Retido,N/A
CLI_10100,Sudeste,Premium,50.1,0,4.1,Retido,N/A
CLI_10101,Sudeste,Básico,11.8,2,2.4,Churn,2025-07-02
CLI_10102,Sudeste,Básico,137.4,0,3.6,Retido,N/A
CLI_10103,Centro-Oeste,Padrão,123.8,0,4.3,Retido,N/A
CLI_10104,Nordeste,Básico,130.2,2,4.7,Retido,N/A
CLI_10105,Sudeste,Básico,106.9,0,4.7,Retido,N/A
CLI_10106,Nordeste,Padrão,137.4,2,4.8,Retido,N/A
CLI_10107,Sudeste,Básico,48.5,1,4.7,Retido,N/A
CLI_10108,Sudeste,Padrão,104.5,1,4.2,Retido,N/A
CLI_10109,Sudeste,Básico,140.6,1,4.3,Retido,N/A
CLI_10110,Sudeste,Padrão,39.1,0,4.6,Retido,N/A
CLI_10111,Centro-Oeste,Premium,91.7,0,4.5,Retido,N/A
CLI_10112,Centro-Oeste,Básico,13.8,2,3.6,Churn,2025-05-31
CLI_10113,Sudeste,Básico,62.5,0,3.8,Retido,N/A
CLI_10114,Nordeste,Premium,79.6,2,4.0,Retido,N/A
CLI_10115,Norte,Premium,93.1,0,3.8,Retido,N/A
CLI_10116,Sudeste,Básico,43.0,0,3.8,Retido,N/A
CLI_10117,Sudeste,Premium,131.7,0,4.6,Retido,N/A
CLI_10118,Sudeste,Padrão,93.6,2,4.7,Retido,N/A
CLI_10119,Centro-Oeste,Padrão,49.5,2,3.3,Churn,2025-08-14
CLI_10120,Centro-Oeste,Padrão,32.5,2,3.4,Churn,2025-07-18
CLI_10121,Sudeste,Padrão,65.1,1,4.3,Retido,N/A
CLI_10122,Sudeste,Padrão,144.7,0,4.2,Retido,N/A
CLI_10123,Sul,Padrão,133.4,0,3.8,Retido,N/A
CLI_10124,Sul,Premium,88.5,1,4.8,Retido,N/A
CLI_10125,Sudeste,Básico,46.4,0,4.9,Retido,N/A
CLI_10126,Sul,Premium,47.1,1,3.6,Retido,N/A
CLI_10127,Sudeste,Premium,34.1,1,2.6,Churn,2025-05-10
CLI_10128,Sudeste,Padrão,20.8,2,2.3,Churn,2025-06-14
CLI_10129,Sudeste,Básico,129.3,1,4.3,Retido,N/A
CLI_10130,Centro-Oeste,Premium,58.6,0,4.0,Retido,N/A
CLI_10131,Sul,Premium,50.4,1,4.8,Retido,N/A
CLI_10132,Centro-Oeste,Premium,37.1,0,3.6,Retido,N/A
CLI_10133,Nordeste,Padrão,22.1,1,3.6,Churn,2025-07-01
CLI_10134,Nordeste,Padrão,26.8,2,1.6,Churn,2025-08-06
CLI_10135,Centro-Oeste,Padrão,64.7,1,5.0,Retido,N/A
CLI_10136,Sudeste,Premium,87.8,0,4.3,Retido,N/A
CLI_10137,Norte,Premium,38.0,2,3.2,Churn,2025-05-18
CLI_10138,Nordeste,PADRÃO,115.6,1,4.0,Retido,N/A
CLI_10139,Sudeste,Premium,50.0,1,4.3,Retido,N/A
CLI_10140,Sudeste,Premium,147.8,0,3.7,Retido,N/A
CLI_10141,Sudeste,Premium,129.8,0,4.0,Retido,N/A
CLI_10142,Nordeste,Padrão,11.3,1,2.8,Churn,2025-08-25
CLI_10143,Sudeste,Básico,107.6,0,4.0,Retido,N/A
CLI_10144,Sul,Padrão,6.5,1,3.5,Churn,N/A
CLI_10145,Sudeste,Premium,96.9,0,4.0,Retido,N/A
CLI_10146,Sul,Padrão,157.6,0,4.2,Retido,N/A
CLI_10147,Sul,Premium,104.9,0,4.1,Retido,N/A
CLI_10148,Sudeste,Básico,106.9,1,4.7,Retido,N/A
CLI_10149,Centro-Oeste,Básico,31.8,0,4.7,Retido,N/A
CLI_10150,Sudeste,Básico,34.2,2,4.2,Retido,N/A
CLI_10151,Nordeste,Padrão,133.4,0,4.7,Retido,N/A
CLI_10152,Nordeste,Padrão,27.2,1,3.8,Churn,2025-06-22
CLI_10153,Sudeste,Básico,114.3,1,3.6,Retido,N/A
CLI_10154,Sudeste,Premium,109.9,1,3.5,Retido,N/A
CLI_10155,Sul,Premium,50.9,0,3.7,Retido,N/A
CLI_10156,Sudeste,Premium,57.4,2,4.9,Retido,N/A
CLI_10157,Sul,Padrão,34.9,0,4.0,Retido,N/A
CLI_10158,Sudeste,Premium,85.6,0,4.5,Retido,N/A
CLI_10159,Sudeste,Premium,21.5,1,2.0,Churn,2025-08-16
CLI_10160,Nordeste,Básico,121.8,0,4.3,Retido,N/A
CLI_10161,Sul,Básico,86.7,0,3.7,Retido,N/A
CLI_10162,Sul,Básico,158.4,0,3.7,Retido,N/A
CLI_10163,Nordeste,Padrão,21.3,1,3.9,Churn,2025-07-10
CLI_10164,Sul,Básico,134.5,1,4.6,Retido,N/A
CLI_10165,Sudeste,Básico,73.8,0,3.9,Retido,N/A
CLI_10166,Centro-Oeste,Básico,32.5,0,4.1,Retido,N/A
CLI_10167,Nordeste,Básico,16.4,3,3.9,Churn,2025-08-18
CLI_10168,Sudeste,Padrão,124.0,0,4.3,Retido,N/A
CLI_10169,Sul,Premium,123.4,0,4.7,Retido,N/A
CLI_10170,Sul,Padrão,8.2,2,3.9,Churn,2025-06-14
CLI_10171,Sudeste,Básico,140.7,0,4.6,Retido,N/A
CLI_10172,Sul,Básico,23.7,2,2.0,Churn,2025-09-04
CLI_10173,Sudeste,Básico,,0,4.1,Retido,N/A
CLI_10174,Centro-Oeste,Premium,116.5,0,4.2,Retido,N/A
CLI_10175,Nordeste,Básico,51.0,1,3.8,Retido,N/A
CLI_10176,Nordeste,Premium,71.8,0,3.8,Retido,N/A
CLI_10177,Sudeste,Básico,52.7,0,4.3,Retido,N/A
CLI_10178,Centro-Oeste,Padrão,110.7,0,4.9,Retido,N/A
CLI_10179,Sul,Premium,128.5,1,4.3,Retido,N/A
CLI_10180,Sul,Básico,124.3,0,4.7,Retido,N/A
CLI_10181,Nordeste,Premium,70.8,1,4.8,Retido,N/A
CLI_10182,Sul,PADRÃO,148.2,2,3.9,Retido,N/A
CLI_10183,Sudeste,Padrão,34.6,0,4.2,Retido,N/A
CLI_10184,Sudeste,Padrão,59.4,1,3.8,Retido,N/A
CLI_10185,Sul,Premium,38.8,0,3.7,Retido,N/A
CLI_10186,Sudeste,Premium,46.5,2,3.7,Churn,2025-09-13
CLI_10187,Sul,Básico,137.1,0,3.8,Retido,N/A
CLI_10188,Centro-Oeste,Padrão,104.5,0,4.5,Retido,N/A
CLI_10189,Centro-Oeste,Básico,55.6,0,5.0,Retido,N/A
CLI_10190,Sudeste,Premium,69.7,1,4.8,Retido,N/A
CLI_10191,Sul,Básico,61.9,1,3.6,Retido,N/A
CLI_10192,Sudeste,Padrão,128.8,0,4.2,Retido,N/A
CLI_10193,Centro-Oeste,Premium,82.4,0,4.7,Retido,N/A
CLI_10194,Sudeste,Premium,63.2,0,4.0,Retido,N/A
CLI_10195,Nordeste,Padrão,52.1,1,3.9,Retido,N/A
CLI_10196,Sudeste,Básico,25.1,1,3.1,Churn,2025-05-22
CLI_10197,Sudeste,Premium,121.8,0,3.6,Retido,N/A
CLI_10198,Sudeste,Premium,120.4,0,4.7,Retido,N/A
CLI_10199,Sudeste,Padrão,40.2,2,3.7,Retido,N/A
CLI_10200,Sudeste,Padrão,83.2,0,3.5,Retido,N/A
CLI_10201,Centro-Oeste,Padrão,113.5,0,4.7,Retido,N/A
CLI_10202,Sul,Premium,39.6,1,2.5,Churn,2025-07-15
CLI_10203,Centro-Oeste,Padrão,148.6,0,4.3,Retido,N/A
CLI_10204,Sudeste,Básico,48.2,2,3.9,Retido,N/A
CLI_10205,Nordeste,Padrão,8.7,1,3.3,Churn,2025-07-13
CLI_10206,Sudeste,Premium,71.5,1,4.3,Retido,N/A
CLI_10207,Centro-Oeste,Básico,113.3,0,4.9,Retido,N/A
CLI_10208,Sul,Básico,64.0,0,4.4,Retido,N/A
CLI_10209,Sudeste,Básico,27.2,2,3.9,Churn,2025-09-19
CLI_10210,Sudeste,Premium,47.9,0,4.3,Retido,N/A
CLI_10211,Sudeste,Básico,100.8,1,4.6,Retido,N/A
CLI_10212,Sudeste,Básico,57.5,0,4.2,Retido,N/A
CLI_10213,Sul,Básico,90.7,0,4.1,Retido,N/A
CLI_10214,Sul,Básico,46.7,2,2.0,Churn,2025-07-05
CLI_10215,Sul,Premium,48.7,0,4.2,Retido,N/A
CLI_10216,Sul,Padrão,64.6,1,3.5,Retido,N/A
CLI_10217,Sul,Básico,107.9,1,4.6,Retido,N/A
CLI_10218,Sudeste,Premium,52.4,1,4.1,Retido,N/A
CLI_10219,Centro-Oeste,Padrão,105.5,1,4.6,Retido,N/A
CLI_10220,Sudeste,Básico,76.7,0,3.8,Retido,N/A
CLI_10221,Centro-Oeste,Padrão,51.8,1,4.0,Retido,N/A
CLI_10222,Sul,Premium,37.4,2,4.0,Churn,2025-06-14
CLI_10223,Centro-Oeste,Básico,152.8,2,3.5,Retido,N/A
CLI_10224,Sul,Padrão,78.3,1,3.8,Retido,N/A
CLI_10225,Centro-Oeste,Padrão,102.4,0,3.5,Retido,N/A
CLI_10226,Sul,Premium,18.8,1,3.8,Churn,2025-05-01
CLI_10227,Sul,Básico,87.0,0,4.0,Retido,N/A
CLI_10228,Sudeste,Básico,113.4,1,4.1,Retido,N/A
CLI_10229,Sudeste,Padrão,148.3,1,4.0,Retido,N/A
CLI_10230,Sudeste,Premium,42.1,1,2.8,Churn,2025-08-12
CLI_10231,Nordeste,Básico,36.3,1,3.2,Churn,2025-07-19
CLI_10232,Sudeste,Básico,104.1,0,4.7,Retido,N/A
CLI_10233,Norte,Premium,99.5,0,4.1,Retido,N/A
CLI_10234,Sudeste,Básico,129.0,0,4.8,Retido,N/A
CLI_10235,Norte,Básico,34.3,0,4.3,Retido,N/A
CLI_10236,Nordeste,Padrão,71.0,1,4.7,Retido,N/A
CLI_10237,Nordeste,Básico,8.8,1,2.6,Churn,2025-04-23
CLI_10238,Centro-Oeste,Premium,127.2,1,5.0,Retido,N/A
CLI_10239,Sul,Básico,37.7,0,4.0,Retido,N/A
CLI_10240,Centro-Oeste,Padrão,74.1,0,4.8,Retido,N/A
CLI_10241,Sudeste,Premium,151.2,1,3.8,Retido,N/A
CLI_10242,Sudeste,Padrão,124.4,0,4.2,Retido,N/A
CLI_10243,Sudeste,Padrão,117.5,0,4.0,Retido,N/A
CLI_10244,Sudeste,Premium,135.6,0,3.8,Retido,N/A
CLI_10245,Nordeste,Premium,86.8,1,4.0,Retido,N/A
CLI_10246,Centro-Oeste,Premium,158.5,2,4.6,Retido,N/A
CLI_10247,Nordeste,Básico,13.0,1,3.6,Churn,2025-09-19
CLI_10248,Centro-Oeste,Premium,47.5,2,1.6,Churn,2025-06-28
CLI_10249,Sul,Básico,85.2,0,4.4,Retido,N/A
CLI_10250,Sul,Padrão,101.6,0,3.8,Retido,N/A
CLI_10251,Nordeste,Padrão,119.1,1,3.6,Retido,N/A
CLI_10252,Sudeste,Padrão,96.5,0,4.0,Retido,N/A
CLI_10253,Sudeste,Padrão,47.1,1,3.2,Churn,2025-07-27
CLI_10254,Sudeste,Básico,24.2,2,2.8,Churn,2025-05-10
CLI_10255,Nordeste,Padrão,161.0,1,3.5,Retido,N/A
CLI_10256,Sudeste,Básico,46.0,0,3.6,Retido,N/A
CLI_10257,Nordeste,Básico,87.3,0,4.9,Retido,N/A
CLI_10258,Sul,Premium,52.3,1,4.0,Retido,N/A
CLI_10259,Centro-Oeste,Padrão,28.1,0,4.1,Retido,N/A
CLI_10260,Sudeste,Padrão,93.8,0,3.9,Retido,N/A
CLI_10261,Nordeste,Premium,125.6,1,4.3,Retido,N/A
CLI_10262,Centro-Oeste,Padrão,61.7,0,4.7,Retido,N/A
CLI_10263,Nordeste,Padrão,27.5,3,3.3,Churn,2025-06-17
CLI_10264,Sudeste,PADRÃO,132.2,1,4.1,Retido,N/A
CLI_10265,Sul,Padrão,131.1,1,3.9,Retido,N/A
CLI_10266,Centro-Oeste,Premium,112.3,0,3.6,Retido,N/A
CLI_10267,Sudeste,Premium,,0,4.5,Retido,N/A
CLI_10268,Nordeste,Básico,37.4,0,4.0,Retido,N/A
CLI_10269,Centro-Oeste,Básico,77.6,0,4.7,Retido,N/A
CLI_10270,Sudeste,Básico,154.0,0,4.2,Retido,N/A
CLI_10271,Sudeste,Premium,31.1,1,1.9,Churn,2025-07-31
CLI_10272,Norte,Premium,67.4,0,4.8,Retido,N/A
CLI_10273,Centro-Oeste,Básico,11.8,2,2.5,Churn,2025-05-20
CLI_10274,Sul,Premium,47.7,0,3.6,Retido,N/A
CLI_10275,Sudeste,Premium,84.5,1,4.5,Retido,N/A
CLI_10276,Sudeste,Padrão,22.7,2,3.4,Churn,2025-07-10
CLI_10277,Centro-Oeste,Básico,51.2,0,4.2,Retido,N/A
CLI_10278,Sudeste,Básico,109.1,0,4.6,Retido,N/A
CLI_10279,Centro-Oeste,Padrão,16.4,3,1.8,Churn,2025-09-04
CLI_10280,Sudeste,Premium,95.4,0,4.7,Retido,N/A
CLI_10281,Sudeste,Premium,44.2,0,5.0,Retido,N/A
CLI_10282,Norte,Premium,98.4,2,3.8,Retido,N/A
CLI_10283,Centro-Oeste,Básico,49.2,1,4.2,Retido,N/A
CLI_10284,Sudeste,Premium,79.3,1,4.7,Retido,N/A
CLI_10285,Centro-Oeste,Premium,,0,3.8,Retido,N/A
CLI_10286,Sul,Básico,152.8,1,4.8,Retido,N/A
CLI_10287,Nordeste,Básico,54.7,0,3.9,Retido,N/A
CLI_10288,Nordeste,Premium,124.5,0,4.1,Retido,N/A
CLI_10289,Centro-Oeste,Básico,30.5,3,3.3,Churn,2025-06-06
CLI_10290,Sudeste,Básico,98.2,2,4.8,Retido,N/A
CLI_10291,Sudeste,Padrão,142.9,0,3.6,Retido,N/A
CLI_10292,Nordeste,Padrão,18.1,2,2.0,Churn,2025-05-26
CLI_10293,Sul,Básico,134.1,0,4.0,Retido,N/A
CLI_10294,Sudeste,Premium,46.2,1,4.2,Retido,N/A
CLI_10295,Centro-Oeste,Padrão,90.3,1,3.8,Retido,N/A
CLI_10296,Centro-Oeste,Básico,86.6,0,4.7,Retido,N/A
CLI_10297,Nordeste,Padrão,37.6,1,2.2,Churn,2025-07-09
CLI_10298,Centro-Oeste,Básico,103.5,0,4.4,Retido,N/A
CLI_10299,Nordeste,Básico,105.0,1,4.2,Retido,N/A
CLI_10300,Sudeste,Premium,95.2,0,4.3,Retido,N/A
CLI_10301,Nordeste,Básico,30.7,3,3.1,Churn,2025-08-10
CLI_10302,Sudeste,Básico,13.0,2,3.9,Churn,2025-09-17
CLI_10303,Sudeste,Premium,91.7,1,4.5,Retido,N/A
CLI_10304,Centro-Oeste,Premium,7.9,2,3.4,Churn,2025-04-23
CLI_10305,Sudeste,Premium,111.0,1,3.6,Retido,N/A
CLI_10306,Sul,Básico,17.2,2,3.5,Churn,2025-09-16
CLI_10307,Nordeste,Premium,93.7,0,4.4,Retido,N/A
CLI_10308,Sudeste,Premium,118.7,0,3.6,Retido,N/A
CLI_10309,Sudeste,Padrão,147.1,1,3.7,Retido,N/A
CLI_10310,Sudeste,Padrão,69.6,0,4.0,Retido,N/A
CLI_10311,Centro-Oeste,Padrão,108.4,1,4.8,Retido,N/A
CLI_10312,Sudeste,Padrão,110.5,1,4.8,Retido,N/A
CLI_10313,Sudeste,Premium,7.8,1,1.8,Churn,2025-08-06
CLI_10314,Sul,Padrão,65.3,0,4.9,Retido,N/A
CLI_10315,Sudeste,Premium,9.4,2,4.0,Churn,2025-06-17
CLI_10316,Sudeste,Premium,134.1,0,4.6,Retido,N/A
CLI_10317,Sudeste,Básico,58.6,0,3.8,Retido,N/A
CLI_10318,Centro-Oeste,Padrão,83.7,1,3.6,Retido,N/A
CLI_10319,Nordeste,Padrão,138.6,0,3.7,Retido,N/A
CLI_10320,Sudeste,Padrão,26.5,1,3.2,Churn,2025-07-10
CLI_10321,Sul,Padrão,111.0,0,3.9,Retido,N/A
CLI_10322,Sudeste,Premium,104.0,0,4.0,Retido,N/A
CLI_10323,Sudeste,Premium,134.0,0,4.1,Retido,N/A
CLI_10324,Sul,Padrão,162.7,0,4.6,Retido,N/A
CLI_10325,Sudeste,Padrão,37.3,1,4.4,Retido,N/A
CLI_10326,Centro-Oeste,Padrão,12.0,1,2.5,Churn,2025-06-04
CLI_10327,Sul,Padrão,52.7,0,4.3,Retido,N/A
CLI_10328,Sul,Premium,94.4,0,3.9,Retido,N/A
CLI_10329,Norte,Básico,147.7,1,4.6,Retido,N/A
CLI_10330,Sudeste,Premium,42.2,0,3.5,Retido,N/A
CLI_10331,Sudeste,Básico,10.8,1,3.1,Churn,2025-07-07
CLI_10332,Sudeste,Básico,55.3,0,4.0,Retido,N/A
CLI_10333,Sul,Premium,85.6,1,3.8,Retido,N/A
CLI_10334,Sudeste,Padrão,67.1,0,4.4,Retido,N/A
CLI_10335,Sul,Premium,58.8,2,3.7,Retido,N/A
CLI_10336,Centro-Oeste,Padrão,139.6,1,4.1,Retido,N/A
CLI_10337,Sul,Básico,94.1,0,4.9,Retido,N/A
CLI_10338,Sudeste,Premium,10.5,2,1.6,Churn,N/A
CLI_10339,Centro-Oeste,Padrão,75.9,0,4.2,Retido,N/A
CLI_10340,Sudeste,Premium,144.0,0,4.1,Retido,N/A
CLI_10341,Sul,Premium,34.5,1,3.3,Churn,2025-05-11
CLI_10342,Sudeste,Premium,124.7,0,3.9,Retido,N/A
CLI_10343,Sudeste,Padrão,30.5,1,3.0,Churn,2025-05-09
CLI_10344,Sudeste,Premium,43.2,1,4.3,Retido,N/A
CLI_10345,Sudeste,Premium,93.8,2,4.6,Retido,N/A
CLI_10346,Sudeste,Padrão,19.1,2,1.6,Churn,2025-05-16
CLI_10347,Sul,Padrão,38.2,0,4.7,Retido,N/A
CLI_10348,Sudeste,Padrão,14.5,1,3.6,Churn,N/A
CLI_10349,Sudeste,Premium,125.1,0,3.8,Retido,N/A
CLI_10350,Sudeste,Premium,64.8,1,4.0,Retido,N/A
CLI_10351,Nordeste,Premium,119.1,1,4.1,Retido,N/A
CLI_10352,Nordeste,Básico,130.8,2,3.8,Retido,N/A
CLI_10353,Sudeste,Premium,60.0,0,4.7,Retido,N/A
CLI_10354,Norte,Premium,37.7,1,4.4,Retido,N/A
CLI_10355,Sul,Premium,78.7,0,4.4,Retido,N/A
CLI_10356,Centro-Oeste,Premium,112.0,1,4.8,Retido,N/A
CLI_10357,Sudeste,Premium,46.8,0,4.6,Retido,N/A
CLI_10358,Centro-Oeste,Padrão,106.8,2,3.9,Retido,N/A
CLI_10359,Sul,Premium,123.5,0,4.2,Retido,N/A
CLI_10360,Sudeste,Padrão,37.0,1,3.1,Churn,2025-08-18
CLI_10361,Nordeste,Básico,11.7,3,4.0,Churn,2025-06-21
CLI_10362,Centro-Oeste,Padrão,,0,4.1,Retido,N/A
CLI_10363,Sul,Padrão,83.8,1,3.5,Retido,N/A
CLI_10364,Centro-Oeste,Premium,131.2,0,3.6,Retido,N/A
CLI_10365,Centro-Oeste,Padrão,52.7,0,5.0,Retido,N/A
CLI_10366,Sul,Premium,154.4,0,4.1,Retido,N/A
CLI_10367,Sul,Premium,113.4,1,4.1,Retido,N/A
CLI_10368,Centro-Oeste,Básico,98.6,2,4.6,Retido,N/A
CLI_10369,Centro-Oeste,Premium,22.5,2,2.8,Churn,2025-06-21
CLI_10370,Sudeste,Premium,45.2,1,4.7,Retido,N/A
CLI_10371,Sudeste,Básico,51.9,0,3.9,Retido,N/A
CLI_10372,Centro-Oeste,Padrão,96.0,2,3.9,Retido,N/A
CLI_10373,Nordeste,Premium,102.5,2,4.1,Retido,N/A
CLI_10374,Norte,Básico,29.3,0,3.9,Retido,N/A
CLI_10375,Sul,Premium,33.3,0,5.0,Retido,N/A
CLI_10376,Centro-Oeste,Premium,120.0,99,4.2,Retido,N/A
CLI_10377,Sudeste,Padrão,53.6,0,3.6,Retido,N/A
CLI_10378,Nordeste,Padrão,36.3,1,2.5,Churn,2025-05-09
CLI_10379,Nordeste,Padrão,98.6,0,4.0,Retido,N/A
CLI_10380,Centro-Oeste,Básico,94.8,1,4.2,Retido,N/A
CLI_10381,Sul,Premium,96.2,1,4.9,Retido,N/A
CLI_10382,Sul,Básico,137.5,1,3.8,Retido,N/A
CLI_10383,Centro-Oeste,Básico,98.5,0,4.5,Retido,N/A
CLI_10384,Nordeste,Premium,87.1,0,4.6,Retido,N/A
CLI_10385,Sudeste,Padrão,76.6,0,4.5,Retido,N/A
CLI_10386,Sudeste,Premium,94.1,0,4.5,Retido,N/A
CLI_10387,Sudeste,Básico,31.4,0,3.7,Retido,N/A
CLI_10388,Sul,Básico,149.1,0,4.5,Retido,N/A
CLI_10389,Sul,Básico,79.3,0,3.9,Retido,N/A
CLI_10390,Sudeste,Padrão,7.3,2,3.3,Churn,2025-06-01
CLI_10391,Sul,Premium,61.0,1,3.8,Retido,N/A
CLI_10392,Norte,Básico,17.8,1,2.0,Churn,2025-04-29
CLI_10393,Centro-Oeste,Básico,26.2,3,3.1,Churn,2025-07-10
CLI_10394,Sudeste,Padrão,90.8,0,4.9,Retido,N/A
CLI_10395,Sudeste,Premium,104.4,1,4.1,Retido,N/A
CLI_10396,Norte,Premium,16.3,1,2.3,Churn,2025-07-27
CLI_10397,Nordeste,Padrão,31.2,2,3.6,Churn,2025-08-30
CLI_10398,Sul,Padrão,145.1,0,4.4,Retido,N/A
CLI_10399,Sudeste,Padrão,91.9,1,3.7,Retido,N/A
CLI_10400,Sudeste,Premium,74.9,1,3.5,Retido,N/A
CLI_10401,Sudeste,Premium,51.1,1,4.0,Retido,N/A
CLI_10402,Nordeste,Premium,111.3,1,3.8,Retido,N/A
CLI_10403,Centro-Oeste,Padrão,37.4,0,4.6,Retido,N/A
CLI_10404,Sul,Básico,118.0,0,4.6,Retido,N/A
CLI_10405,Nordeste,Básico,115.8,1,4.7,Retido,N/A
CLI_10406,Sudeste,Padrão,40.6,0,4.9,Retido,N/A
CLI_10407,Sudeste,Básico,,0,4.3,Retido,N/A
CLI_10408,Sul,Premium,78.3,1,4.6,Retido,N/A
CLI_10409,Sul,Padrão,77.6,0,3.7,Retido,N/A
CLI_10410,Norte,Premium,134.2,0,4.6,Retido,N/A
CLI_10411,Nordeste,Padrão,71.1,1,4.4,Retido,N/A
CLI_10412,Sul,Padrão,103.7,0,3.8,Retido,N/A
CLI_10413,Centro-Oeste,Básico,7.4,1,4.0,Churn,2025-06-07
CLI_10414,Sudeste,Básico,76.9,1,4.6,Retido,N/A
CLI_10415,Nordeste,Padrão,54.6,0,4.5,Retido,N/A
CLI_10416,Sudeste,Padrão,112.2,0,5.0,Retido,N/A
CLI_10417,Sul,Básico,83.2,0,4.5,Retido,N/A
CLI_10418,Sudeste,Premium,112.4,0,3.9,Retido,N/A
CLI_10419,Sudeste,Premium,132.1,2,3.9,Retido,N/A
CLI_10420,Sudeste,Premium,95.8,0,3.7,Retido,N/A
CLI_10421,Sudeste,Básico,115.6,2,5.0,Retido,N/A
CLI_10422,Nordeste,Premium,20.1,3,3.5,Churn,2025-08-19
CLI_10423,Sudeste,Premium,34.6,0,3.7,Retido,N/A
CLI_10424,Sudeste,Premium,95.2,0,4.6,Retido,N/A
CLI_10425,Sudeste,Premium,34.8,1,3.7,Retido,N/A
CLI_10426,Centro-Oeste,Básico,14.3,1,2.9,Churn,2025-06-02
CLI_10427,Sul,Premium,64.6,0,3.7,Retido,N/A
CLI_10428,Centro-Oeste,Premium,87.5,1,4.4,Retido,N/A
CLI_10429,Sul,Padrão,30.2,0,4.1,Retido,N/A
CLI_10430,Nordeste,Premium,131.6,1,4.5,Retido,N/A
CLI_10431,Sul,Premium,87.8,2,4.9,Retido,N/A
CLI_10432,Sudeste,Padrão,149.7,2,4.0,Retido,N/A
CLI_10433,Centro-Oeste,Premium,33.5,2,3.6,Retido,N/A
CLI_10434,Nordeste,Básico,115.8,2,3.9,Retido,N/A
CLI_10435,Sul,Básico,86.5,1,4.4,Retido,N/A
CLI_10436,Sul,Padrão,76.9,0,4.2,Retido,N/A
CLI_10437,Sul,Padrão,111.7,0,4.8,Retido,N/A
CLI_10438,Centro-Oeste,Básico,32.8,2,4.4,Retido,N/A
CLI_10439,Sul,Premium,110.6,0,4.1,Retido,N/A
CLI_10440,Sudeste,Básico,44.1,0,4.1,Retido,N/A
CLI_10441,Sul,Premium,54.9,0,4.2,Retido,N/A
CLI_10442,Centro-Oeste,Básico,,3,1.9,Churn,2025-04-30
CLI_10443,Centro-Oeste,Básico,98.7,1,4.4,Retido,N/A
CLI_10444,Nordeste,Básico,67.0,0,4.0,Retido,N/A
CLI_10445,Sul,Básico,,0,4.2,Retido,N/A
CLI_10446,Sudeste,Premium,34.0,1,4.3,Retido,N/A
CLI_10447,Sudeste,Básico,28.8,2,2.8,Churn,2025-08-20
CLI_10448,Sudeste,Premium,,2,3.8,Churn,2025-07-15
CLI_10449,Sudeste,Premium,87.7,0,4.6,Retido,N/A
CLI_10450,Sul,Padrão,61.1,1,4.9,Retido,N/A
CLI_10451,Sudeste,Padrão,127.2,1,3.5,Retido,N/A
CLI_10452,Centro-Oeste,Básico,126.0,0,3.6,Retido,N/A
CLI_10453,Sudeste,Básico,38.0,0,4.4,Retido,N/A
CLI_10454,Sudeste,Padrão,141.3,2,4.8,Retido,N/A
CLI_10455,Sul,Padrão,37.3,1,4.1,Retido,N/A
CLI_10456,Centro-Oeste,Básico,28.8,0,4.4,Retido,N/A
CLI_10457,Sul,Premium,92.0,0,4.1,Retido,N/A
CLI_10458,Sudeste,Básico,86.6,0,3.5,Retido,N/A
CLI_10459,Sudeste,Premium,106.4,2,4.8,Retido,N/A
CLI_10460,Sudeste,Premium,38.4,0,4.8,Retido,N/A
CLI_10461,Nordeste,Premium,100.2,2,4.6,Retido,N/A
CLI_10462,Sudeste,Premium,77.8,2,4.4,Retido,N/A
CLI_10463,Sul,Premium,31.7,0,4.9,Retido,N/A
CLI_10464,Norte,Básico,108.1,1,3.8,Retido,N/A
CLI_10465,Sudeste,Premium,98.3,2,3.7,Retido,N/A
CLI_10466,Centro-Oeste,Básico,132.3,0,4.2,Retido,N/A
CLI_10467,Sudeste,Padrão,76.3,0,4.8,Retido,N/A
CLI_10468,Centro-Oeste,Premium,115.5,2,3.8,Retido,N/A
CLI_10469,Centro-Oeste,Padrão,41.9,1,2.4,Churn,2025-06-21
CLI_10470,Centro-Oeste,Premium,102.8,2,4.7,Retido,N/A
CLI_10471,Nordeste,Premium,82.6,0,3.8,Retido,N/A
CLI_10472,Sudeste,Padrão,34.2,0,4.4,Retido,N/A
CLI_10473,Centro-Oeste,PADRÃO,104.8,0,4.4,Retido,N/A
CLI_10474,Sudeste,Básico,158.2,1,3.8,Retido,N/A
CLI_10475,Centro-Oeste,Básico,47.6,1,2.0,Churn,2025-06-29
CLI_10476,Nordeste,Padrão,137.2,0,4.0,Retido,N/A
CLI_10477,Sudeste,Premium,82.2,0,3.8,Retido,N/A
CLI_10478,Centro-Oeste,Básico,124.5,0,4.8,Retido,N/A
CLI_10479,Sudeste,Premium,54.8,2,4.6,Retido,N/A
CLI_10480,Norte,Padrão,72.5,1,4.5,Retido,N/A
CLI_10481,Sudeste,Premium,118.2,1,4.2,Retido,N/A
CLI_10482,Sul,Básico,68.2,0,4.5,Retido,N/A
CLI_10483,Nordeste,Premium,61.9,1,3.7,Retido,N/A
CLI_10484,Sudeste,Básico,144.8,0,3.7,Retido,N/A
CLI_10485,Sudeste,Padrão,65.9,0,4.0,Retido,N/A
CLI_10486,Sudeste,Premium,121.3,2,4.9,Retido,N/A
CLI_10487,Centro-Oeste,Padrão,124.9,2,4.1,Retido,N/A
CLI_10488,Nordeste,Básico,27.1,0,3.7,Retido,N/A
CLI_10489,Sudeste,Básico,12.8,2,3.4,Churn,2025-09-09
CLI_10490,Sul,Premium,98.3,1,4.7,Retido,N/A
CLI_10491,Sudeste,Básico,112.5,1,4.3,Retido,N/A
CLI_10492,Sul,Básico,96.2,0,3.8,Retido,N/A
CLI_10493,Sudeste,Padrão,15.0,2,2.4,Churn,2025-08-18
CLI_10494,Sul,Padrão,127.0,1,4.5,Retido,N/A
CLI_10495,Centro-Oeste,Premium,105.2,0,4.7,Retido,N/A
CLI_10496,Sul,Premium,17.5,1,2.6,Churn,2025-06-23
CLI_10497,Nordeste,Premium,65.3,0,3.7,Retido,N/A
CLI_10498,Sudeste,Padrão,28.2,2,3.7,Churn,2025-04-28
CLI_10499,Sul,Premium,65.9,0,4.5,Retido,N/A
CLI_10500,Sudeste,Padrão,41.5,0,4.6,Retido,N/A
CLI_10501,Nordeste,Básico,121.7,1,4.2,Retido,N/A
CLI_10502,Sudeste,Padrão,138.7,0,4.0,Retido,N/A
CLI_10503,Centro-Oeste,Premium,78.9,1,4.8,Retido,N/A
CLI_10504,Centro-Oeste,Padrão,134.5,1,4.4,Retido,N/A
CLI_10505,Sudeste,Premium,32.5,1,3.6,Retido,N/A
CLI_10506,Sul,Premium,47.4,2,3.9,Retido,N/A
CLI_10507,Sudeste,Básico,8.7,2,3.6,Churn,2025-06-21
CLI_10508,Sudeste,Padrão,5.1,2,1.8,Churn,2025-07-22
CLI_10509,Sudeste,Padrão,32.4,0,3.6,Retido,N/A
CLI_10510,Sudeste,Premium,118.4,0,4.1,Retido,N/A
CLI_10511,Centro-Oeste,Básico,65.4,0,4.0,Retido,N/A
CLI_10512,Sudeste,Básico,132.0,0,3.9,Retido,N/A
CLI_10513,Sudeste,Premium,125.1,0,5.0,Retido,N/A
CLI_10514,Sudeste,Básico,92.3,0,5.0,Retido,N/A
CLI_10515,Sul,Padrão,143.5,0,4.3,Retido,N/A
CLI_10516,Sudeste,Premium,57.2,1,3.9,Retido,N/A
CLI_10517,Sudeste,Premium,50.5,1,2.5,Churn,2025-05-27
CLI_10518,Centro-Oeste,Básico,56.5,99,3.9,Retido,N/A
CLI_10519,Nordeste,Padrão,13.6,2,2.1,Churn,2025-05-18
CLI_10520,Sudeste,Premium,10.2,3,3.4,Churn,2025-06-09
CLI_10521,Sudeste,Básico,125.4,0,4.7,Retido,N/A
CLI_10522,Sudeste,Premium,135.5,0,4.2,Retido,N/A
CLI_10523,Centro-Oeste,Premium,89.2,0,4.9,Retido,N/A
CLI_10524,Nordeste,Básico,37.5,2,3.2,Churn,2025-05-13
CLI_10525,Sul,Padrão,146.3,0,4.4,Retido,N/A
CLI_10526,Sudeste,Básico,48.1,1,3.7,Churn,2025-04-29
CLI_10527,Sudeste,Premium,56.8,2,4.5,Retido,N/A
CLI_10528,Sul,Premium,52.7,0,4.7,Retido,N/A
CLI_10529,Sul,Padrão,64.4,1,3.9,Retido,N/A
CLI_10530,Sudeste,Padrão,137.0,0,4.4,Retido,N/A
CLI_10531,Centro-Oeste,Premium,50.8,0,4.6,Retido,N/A
CLI_10532,Centro-Oeste,Padrão,116.1,0,4.4,Retido,N/A
CLI_10533,Sudeste,Básico,57.3,0,3.9,Retido,N/A
CLI_10534,Centro-Oeste,Premium,104.7,0,4.3,Retido,N/A
CLI_10535,Norte,Padrão,30.5,3,3.7,Churn,2025-08-26
CLI_10536,Sudeste,Premium,85.8,1,4.5,Retido,N/A
CLI_10537,Sul,Padrão,43.6,0,3.7,Retido,N/A
CLI_10538,Centro-Oeste,PADRÃO,110.6,0,4.4,Retido,N/A
CLI_10539,Sudeste,Premium,123.8,2,4.1,Retido,N/A
CLI_10540,Centro-Oeste,Básico,122.7,1,4.5,Retido,N/A
CLI_10541,Nordeste,Premium,114.2,0,4.2,Retido,N/A
CLI_10542,Centro-Oeste,Premium,95.7,1,4.8,Retido,N/A
CLI_10543,Sudeste,Premium,77.3,0,3.8,Retido,N/A
CLI_10544,Sul,Básico,63.2,0,4.2,Retido,N/A
CLI_10545,Nordeste,Premium,18.9,3,3.8,Churn,2025-09-19
CLI_10546,Norte,Padrão,88.0,1,4.1,Retido,N/A
CLI_10547,Sudeste,Padrão,24.1,2,2.9,Churn,2025-07-21
CLI_10548,Sul,Básico,57.7,1,4.6,Retido,N/A
CLI_10549,Sudeste,Padrão,114.9,0,4.9,Retido,N/A
CLI_10550,Nordeste,Básico,132.5,0,4.7,Retido,N/A
CLI_10551,Sudeste,Premium,24.1,1,2.3,Churn,N/A
CLI_10552,Sul,Básico,141.5,1,3.9,Retido,N/A
CLI_10553,Sul,Básico,59.4,1,4.9,Retido,N/A
CLI_10554,Sudeste,Básico,134.6,0,4.1,Retido,N/A
CLI_10555,Centro-Oeste,Premium,33.0,0,4.2,Retido,N/A
CLI_10556,Nordeste,Padrão,138.8,0,3.9,Retido,N/A
CLI_10557,Sul,Básico,58.7,0,4.8,Retido,N/A
CLI_10558,Centro-Oeste,Premium,66.4,1,3.8,Retido,N/A
CLI_10559,Nordeste,Básico,46.7,1,3.7,Churn,2025-08-15
CLI_10560,Sudeste,Padrão,53.3,1,4.9,Retido,N/A
CLI_10561,Sul,Premium,127.9,1,4.7,Retido,N/A
CLI_10562,Sudeste,Premium,126.5,0,4.9,Retido,N/A
CLI_10563,Centro-Oeste,Premium,85.8,1,4.8,Retido,N/A
CLI_10564,Sudeste,Básico,111.8,1,4.3,Retido,N/A
CLI_10565,Nordeste,Premium,46.1,1,4.2,Retido,N/A
CLI_10566,Sudeste,Premium,31.7,0,5.0,Retido,N/A
CLI_10567,Sul,Padrão,35.6,2,1.7,Churn,2025-04-24
CLI_10568,Centro-Oeste,Premium,36.8,1,3.7,Retido,N/A
CLI_10569,Sul,Básico,139.3,0,4.5,Retido,N/A
CLI_10570,Sul,PADRÃO,134.6,0,3.6,Retido,N/A
CLI_10571,Sudeste,Básico,123.2,0,4.2,Retido,N/A
CLI_10572,Centro-Oeste,Premium,106.0,0,4.5,Retido,N/A
CLI_10573,Sudeste,Básico,116.5,0,4.5,Retido,N/A
CLI_10574,Sudeste,Premium,101.1,0,4.8,Retido,N/A
CLI_10575,Sudeste,Padrão,29.9,3,2.2,Churn,N/A
CLI_10576,Sudeste,Básico,106.6,0,3.5,Retido,N/A
CLI_10577,Centro-Oeste,Padrão,125.9,0,4.3,Retido,N/A
CLI_10578,Sudeste,Premium,74.2,0,4.0,Retido,N/A
CLI_10579,Sudeste,Básico,45.6,0,4.6,Retido,N/A
CLI_10580,Norte,Básico,68.9,0,4.9,Retido,N/A
CLI_10581,Norte,Padrão,106.1,1,4.0,Retido,N/A
CLI_10582,Nordeste,Padrão,114.5,1,4.1,Retido,N/A
CLI_10583,Sudeste,Premium,45.4,1,2.7,Churn,2025-09-07
CLI_10584,Sudeste,Padrão,43.8,1,3.1,Churn,N/A
CLI_10585,Centro-Oeste,Padrão,57.3,1,4.1,Retido,N/A
CLI_10586,Centro-Oeste,Padrão,69.9,0,4.9,Retido,N/A
CLI_10587,Centro-Oeste,Básico,,0,3.7,Retido,N/A
CLI_10588,Sudeste,Básico,126.7,0,4.9,Retido,N/A
CLI_10589,Norte,Premium,61.8,1,4.3,Retido,N/A
CLI_10590,Norte,Básico,33.7,1,4.1,Retido,N/A
CLI_10591,Sudeste,Padrão,66.9,1,4.4,Retido,N/A
CLI_10592,Norte,Premium,34.4,0,4.6,Retido,N/A
CLI_10593,Centro-Oeste,Básico,59.3,2,3.9,Retido,N/A
CLI_10594,Sudeste,Básico,85.7,0,4.8,Retido,N/A
CLI_10595,Centro-Oeste,Premium,78.8,1,4.4,Retido,N/A
CLI_10596,Sul,Padrão,94.7,0,4.9,Retido,N/A
CLI_10597,Sudeste,Básico,33.6,2,3.7,Churn,2025-09-07
CLI_10598,Sudeste,Premium,,1,3.8,Retido,N/A
CLI_10599,Centro-Oeste,Básico,116.3,0,3.7,Retido,N/A
CLI_10600,Nordeste,Básico,134.0,0,3.7,Retido,N/A
CLI_10601,Sul,Premium,133.2,0,4.9,Retido,N/A
CLI_10602,Sudeste,Premium,82.7,0,4.5,Retido,N/A
CLI_10603,Centro-Oeste,Premium,156.7,99,3.7,Retido,N/A
CLI_10604,Centro-Oeste,Básico,68.1,0,5.0,Retido,N/A
CLI_10605,Centro-Oeste,Básico,125.9,0,4.3,Retido,N/A
CLI_10606,Nordeste,Padrão,119.4,0,3.8,Retido,N/A
CLI_10607,Centro-Oeste,Básico,57.0,0,4.9,Retido,N/A
CLI_10608,Nordeste,Básico,55.5,0,4.2,Retido,N/A
CLI_10609,Norte,Premium,36.2,0,3.9,Retido,N/A
CLI_10610,Sudeste,Premium,69.7,0,3.8,Retido,N/A
CLI_10611,Sudeste,Premium,133.4,0,4.6,Retido,N/A
CLI_10612,Sudeste,Premium,143.1,2,4.3,Retido,N/A
CLI_10613,Sudeste,Básico,100.1,0,4.4,Retido,N/A
CLI_10614,Sudeste,Básico,43.0,2,4.0,Churn,2025-08-15
CLI_10615,Sudeste,Básico,52.7,1,3.8,Churn,2025-05-06
CLI_10616,Centro-Oeste,Básico,8.8,3,1.8,Churn,2025-05-31
CLI_10617,Centro-Oeste,Básico,68.1,0,4.7,Retido,N/A
CLI_10618,Sudeste,Básico,70.1,0,4.5,Retido,N/A
CLI_10619,Centro-Oeste,Premium,106.9,0,4.2,Retido,N/A
CLI_10620,Norte,Premium,113.1,0,4.0,Retido,N/A
CLI_10621,Sul,Básico,74.8,0,3.9,Retido,N/A
CLI_10622,Sudeste,Padrão,115.4,1,4.4,Retido,N/A
CLI_10623,Sudeste,Básico,33.9,1,4.7,Retido,N/A
CLI_10624,Sul,Premium,82.6,1,4.6,Retido,N/A
CLI_10625,Sudeste,Básico,60.0,0,4.1,Retido,N/A
CLI_10626,Centro-Oeste,Premium,64.9,1,4.8,Retido,N/A
CLI_10627,Centro-Oeste,PADRÃO,86.2,0,3.6,Retido,N/A
CLI_10628,Norte,Básico,149.5,0,3.6,Retido,N/A
CLI_10629,Sudeste,Premium,143.2,0,4.0,Retido,N/A
CLI_10630,Nordeste,Padrão,125.9,0,4.5,Retido,N/A
CLI_10631,Sudeste,Básico,82.0,1,3.5,Retido,N/A
CLI_10632,Sudeste,Premium,102.0,2,3.7,Retido,N/A
CLI_10633,Sul,Padrão,7.3,2,1.9,Churn,N/A
CLI_10634,Centro-Oeste,Premium,118.7,0,4.3,Retido,N/A
CLI_10635,Sudeste,Premium,47.4,0,4.1,Retido,N/A
CLI_10636,Sudeste,Básico,38.4,1,3.5,Churn,2025-07-03
CLI_10637,Nordeste,Padrão,36.0,1,1.7,Churn,2025-08-07
CLI_10638,Nordeste,Padrão,38.3,0,4.2,Retido,N/A
CLI_10639,Sudeste,Premium,106.3,1,3.9,Retido,N/A
CLI_10640,Nordeste,Básico,142.3,1,4.8,Retido,N/A
CLI_10641,Centro-Oeste,Básico,137.6,0,4.3,Retido,N/A
CLI_10642,Nordeste,Padrão,33.9,1,4.7,Retido,N/A
CLI_10643,Sudeste,Premium,33.0,2,5.0,Retido,N/A
CLI_10644,Centro-Oeste,Básico,21.9,1,3.2,Churn,2025-08-29
CLI_10645,Nordeste,Básico,44.6,1,4.7,Retido,N/A
CLI_10646,Sul,Premium,129.6,0,3.9,Retido,N/A
CLI_10647,Sul,Padrão,35.1,2,2.5,Churn,2025-08-29
CLI_10648,Sudeste,Padrão,36.1,1,4.8,Retido,N/A
CLI_10649,Sudeste,Básico,64.4,0,3.9,Retido,N/A
CLI_10650,Sudeste,Básico,73.2,0,4.5,Retido,N/A
CLI_10651,Centro-Oeste,Padrão,41.4,0,4.6,Retido,N/A
CLI_10652,Sudeste,Premium,44.9,2,4.3,Retido,N/A
CLI_10653,Nordeste,Básico,25.7,1,3.1,Churn,2025-09-09
CLI_10654,Sudeste,Premium,57.1,0,4.0,Retido,N/A
CLI_10655,Sudeste,Padrão,131.1,1,4.8,Retido,N/A
CLI_10656,Centro-Oeste,Premium,36.8,0,4.9,Retido,N/A
CLI_10657,Sudeste,Premium,46.3,0,3.5,Retido,N/A
CLI_10658,Sudeste,Padrão,32.3,1,1.9,Churn,2025-08-27
CLI_10659,Sudeste,Premium,68.1,0,3.6,Retido,N/A
CLI_10660,Sudeste,Premium,63.1,1,3.6,Retido,N/A
CLI_10661,Norte,Básico,105.0,1,4.3,Retido,N/A
CLI_10662,Sudeste,Padrão,21.5,1,3.6,Churn,2025-05-10
CLI_10663,Centro-Oeste,Padrão,44.1,1,3.2,Churn,2025-06-07
CLI_10664,Sudeste,Premium,108.0,1,4.4,Retido,N/A
CLI_10665,Nordeste,Básico,84.2,0,3.7,Retido,N/A
CLI_10666,Sudeste,Padrão,11.8,2,2.8,Churn,2025-07-19
CLI_10667,Sudeste,Premium,118.4,0,4.0,Retido,N/A
CLI_10668,Sul,Básico,107.5,0,4.8,Retido,N/A
CLI_10669,Centro-Oeste,Premium,125.0,0,4.8,Retido,N/A
CLI_10670,Sudeste,Padrão,78.5,0,4.1,Retido,N/A
CLI_10671,Sul,Padrão,65.9,1,4.4,Retido,N/A
CLI_10672,Nordeste,Padrão,66.6,0,4.9,Retido,N/A
CLI_10673,Nordeste,Padrão,40.7,0,4.1,Retido,N/A
CLI_10674,Centro-Oeste,Padrão,20.5,2,3.1,Churn,2025-05-19
CLI_10675,Sudeste,Premium,131.9,0,4.3,Retido,N/A
CLI_10676,Norte,Padrão,46.6,1,3.7,Churn,2025-05-21
CLI_10677,Sul,Premium,142.0,2,3.7,Retido,N/A
CLI_10678,Sudeste,Básico,93.2,0,4.4,Retido,N/A
CLI_10679,Sudeste,Padrão,56.6,0,4.4,Retido,N/A
CLI_10680,Centro-Oeste,Premium,80.8,0,4.9,Retido,N/A
CLI_10681,Sul,Premium,133.7,1,4.2,Retido,N/A
CLI_10682,Centro-Oeste,Premium,102.0,0,4.0,Retido,N/A
CLI_10683,Sudeste,Premium,54.2,0,4.0,Retido,N/A
CLI_10684,Sul,Premium,103.6,1,5.0,Retido,N/A
CLI_10685,Nordeste,Padrão,142.2,1,4.5,Retido,N/A
CLI_10686,Sudeste,Padrão,56.8,0,3.6,Retido,N/A
CLI_10687,Centro-Oeste,Básico,141.7,0,4.4,Retido,N/A
CLI_10688,Nordeste,Premium,44.3,1,3.0,Churn,2025-08-20
CLI_10689,Centro-Oeste,Premium,142.2,0,3.5,Retido,N/A
CLI_10690,Sudeste,Padrão,61.8,1,4.3,Retido,N/A
CLI_10691,Sudeste,Básico,162.4,0,4.3,Retido,N/A
CLI_10692,Sul,Básico,61.5,0,3.8,Retido,N/A
CLI_10693,Centro-Oeste,Padrão,11.8,2,3.5,Churn,2025-07-20
CLI_10694,Nordeste,Básico,94.4,0,4.9,Retido,N/A
CLI_10695,Sudeste,Básico,148.4,1,4.1,Retido,N/A
CLI_10696,Centro-Oeste,Básico,134.1,1,4.2,Retido,N/A
CLI_10697,Norte,Básico,,1,4.6,Retido,N/A
CLI_10698,Nordeste,Premium,38.4,3,2.4,Churn,N/A
CLI_10699,Sudeste,Padrão,18.0,3,3.9,Churn,2025-08-26
CLI_10700,Sudeste,Padrão,29.6,2,1.5,Churn,2025-05-04
CLI_10701,Norte,Básico,117.8,0,4.1,Retido,N/A
CLI_10702,Sudeste,Básico,10.9,1,3.7,Churn,2025-07-14
CLI_10703,Nordeste,Premium,111.6,1,4.4,Retido,N/A
CLI_10704,Centro-Oeste,Básico,93.8,0,4.8,Retido,N/A
CLI_10705,Sul,Básico,86.1,1,3.6,Retido,N/A
CLI_10706,Sudeste,Básico,142.1,0,4.6,Retido,N/A
CLI_10707,Sudeste,Padrão,109.7,0,4.7,Retido,N/A
CLI_10708,Norte,Básico,75.3,0,4.1,Retido,N/A
CLI_10709,Centro-Oeste,Premium,54.4,1,3.6,Retido,N/A
CLI_10710,Centro-Oeste,Premium,125.0,0,4.3,Retido,N/A
CLI_10711,Sudeste,Básico,135.9,0,3.6,Retido,N/A
CLI_10712,Sul,Padrão,47.8,1,4.3,Retido,N/A
CLI_10713,Sul,Premium,29.1,2,3.6,Churn,2025-06-11
CLI_10714,Centro-Oeste,Básico,58.7,1,4.1,Retido,N/A
CLI_10715,Centro-Oeste,Premium,27.5,0,4.9,Retido,N/A
CLI_10716,Centro-Oeste,Padrão,140.7,1,4.7,Retido,N/A
CLI_10717,Sudeste,Básico,102.1,1,4.3,Retido,N/A
CLI_10718,Centro-Oeste,Padrão,27.4,2,1.8,Churn,2025-08-08
CLI_10719,Nordeste,Básico,10.4,2,3.8,Churn,2025-08-01
CLI_10720,Sul,Básico,137.9,2,4.5,Retido,N/A
CLI_10721,Sudeste,Básico,113.6,99,4.8,Retido,N/A
CLI_10722,Sudeste,Premium,38.7,1,4.1,Retido,N/A
CLI_10723,Centro-Oeste,Padrão,106.6,0,3.7,Retido,N/A
CLI_10724,Sudeste,Padrão,47.3,0,4.4,Retido,N/A
CLI_10725,Sudeste,Premium,90.4,1,4.9,Retido,N/A
CLI_10726,Sul,Premium,145.8,1,4.4,Retido,N/A
CLI_10727,Norte,Padrão,133.5,0,3.9,Retido,N/A
CLI_10728,Sudeste,Premium,102.5,1,4.8,Retido,N/A
CLI_10729,Nordeste,Premium,115.1,2,4.5,Retido,N/A
CLI_10730,Nordeste,Padrão,42.7,1,3.0,Churn,2025-07-22
CLI_10731,Sudeste,Padrão,79.1,0,3.6,Retido,N/A
CLI_10732,Centro-Oeste,Premium,51.7,0,3.8,Retido,N/A
CLI_10733,Centro-Oeste,Premium,152.6,1,3.8,Retido,N/A
CLI_10734,Sudeste,Básico,13.9,2,2.1,Churn,2025-07-23
CLI_10735,Sudeste,Padrão,131.5,2,4.9,Retido,N/A
CLI_10736,Sudeste,Padrão,119.7,0,4.5,Retido,N/A
CLI_10737,Sudeste,Premium,69.0,1,4.8,Retido,N/A
CLI_10738,Nordeste,Básico,122.2,0,4.8,Retido,N/A
CLI_10739,Sul,Padrão,32.7,2,4.6,Retido,N/A
CLI_10740,Nordeste,Básico,103.4,0,4.6,Retido,N/A
CLI_10741,Sul,Básico,30.7,1,1.9,Churn,2025-07-14
CLI_10742,Sudeste,Básico,20.3,2,3.6,Churn,2025-05-09
CLI_10743,Centro-Oeste,Premium,14.8,2,2.7,Churn,2025-04-29
CLI_10744,Sudeste,Premium,103.0,0,4.7,Retido,N/A
CLI_10745,Sudeste,Padrão,119.4,0,4.3,Retido,N/A
CLI_10746,Sudeste,Padrão,101.7,0,4.8,Retido,N/A
CLI_10747,Sudeste,Básico,142.1,1,3.9,Retido,N/A
CLI_10748,Sudeste,Premium,110.1,0,4.4,Retido,N/A
CLI_10749,Norte,Básico,26.6,1,3.8,Churn,2025-07-08
CLI_10750,Centro-Oeste,Padrão,30.0,1,2.6,Churn,2025-05-08
CLI_10751,Centro-Oeste,PADRÃO,115.9,0,3.6,Retido,N/A
CLI_10752,Norte,Premium,124.1,0,4.2,Retido,N/A
CLI_10753,Sudeste,Premium,65.6,0,4.1,Retido,N/A
CLI_10754,Centro-Oeste,Padrão,150.9,99,4.1,Retido,N/A
CLI_10755,Centro-Oeste,Básico,28.3,1,3.2,Churn,2025-05-07
CLI_10756,Sudeste,Premium,144.9,1,4.8,Retido,N/A
CLI_10757,Sul,Premium,60.0,0,4.3,Retido,N/A
CLI_10758,Sudeste,Básico,56.4,1,4.0,Retido,N/A
CLI_10759,Sul,Padrão,8.4,1,2.4,Churn,2025-08-31
CLI_10760,Centro-Oeste,Básico,60.4,0,4.1,Retido,N/A
CLI_10761,Sul,Padrão,97.3,0,4.6,Retido,N/A
CLI_10762,Nordeste,Padrão,37.2,3,2.3,Churn,2025-05-28
CLI_10763,Centro-Oeste,Padrão,98.3,0,4.5,Retido,N/A
CLI_10764,Sudeste,Básico,27.7,1,5.0,Retido,N/A
CLI_10765,Sudeste,Básico,34.8,0,4.9,Retido,N/A
CLI_10766,Sul,Padrão,121.3,0,5.0,Retido,N/A
CLI_10767,Nordeste,Padrão,56.3,0,3.6,Retido,N/A
CLI_10768,Centro-Oeste,Básico,45.7,1,4.2,Retido,N/A
CLI_10769,Centro-Oeste,Básico,139.4,0,3.8,Retido,N/A
CLI_10770,Nordeste,Básico,57.4,1,4.7,Retido,N/A
CLI_10771,Sudeste,Básico,33.8,1,3.1,Churn,2025-06-04
CLI_10772,Centro-Oeste,Premium,77.7,0,3.8,Retido,N/A
CLI_10773,Sudeste,Premium,135.1,1,5.0,Retido,N/A
CLI_10774,Sudeste,Básico,37.5,0,4.6,Retido,N/A
CLI_10775,Sudeste,Premium,87.7,2,3.6,Retido,N/A
CLI_10776,Norte,Básico,77.9,0,4.6,Retido,N/A
CLI_10777,Sul,Premium,91.4,0,4.1,Retido,N/A
CLI_10778,Norte,Padrão,118.3,0,4.6,Retido,N/A
CLI_10779,Sudeste,Padrão,111.3,0,4.3,Retido,N/A
CLI_10780,Nordeste,Básico,35.9,2,2.1,Churn,2025-05-02
CLI_10781,Sudeste,Premium,43.1,0,4.9,Retido,N/A
CLI_10782,Nordeste,Básico,8.8,3,3.3,Churn,2025-04-24
CLI_10783,Sudeste,Padrão,98.7,1,4.3,Retido,N/A
CLI_10784,Centro-Oeste,Premium,136.3,0,3.6,Retido,N/A
CLI_10785,Centro-Oeste,Padrão,87.7,1,4.7,Retido,N/A
CLI_10786,Sudeste,Padrão,75.8,2,4.0,Retido,N/A
CLI_10787,Sudeste,Padrão,46.9,2,1.6,Churn,2025-06-19
CLI_10788,Nordeste,Premium,145.6,0,4.3,Retido,N/A
CLI_10789,Centro-Oeste,Premium,77.7,0,3.7,Retido,N/A
CLI_10790,Sudeste,Padrão,48.6,0,4.3,Retido,N/A
CLI_10791,Sudeste,Premium,123.8,0,4.5,Retido,N/A
CLI_10792,Sudeste,Premium,90.6,0,4.3,Retido,N/A
CLI_10793,Sul,Padrão,18.2,1,1.8,Churn,2025-09-18
CLI_10794,Sul,Padrão,94.4,0,4.0,Retido,N/A
CLI_10795,Sul,PADRÃO,59.3,1,3.6,Retido,N/A
CLI_10796,Sudeste,Básico,42.2,0,5.0,Retido,N/A
CLI_10797,Sul,Padrão,53.5,0,4.3,Retido,N/A
CLI_10798,Sudeste,Padrão,74.7,0,4.1,Retido,N/A
CLI_10799,Sudeste,Padrão,12.9,3,3.0,Churn,2025-07-03
CLI_10800,Sudeste,Premium,114.6,0,4.7,Retido,N/A
CLI_10801,Sudeste,Premium,76.0,0,3.8,Retido,N/A
CLI_10802,Nordeste,Premium,135.2,2,4.2,Retido,N/A
CLI_10803,Sudeste,Básico,13.5,2,3.3,Churn,2025-05-05
CLI_10804,Nordeste,Padrão,134.1,1,3.6,Retido,N/A
CLI_10805,Nordeste,Premium,83.3,2,3.5,Retido,N/A
CLI_10806,Sudeste,Básico,83.7,1,4.3,Retido,N/A
CLI_10807,Centro-Oeste,Padrão,19.5,1,2.9,Churn,2025-09-03
CLI_10808,Sudeste,PADRÃO,38.1,0,4.5,Retido,N/A
CLI_10809,Sul,Básico,49.9,0,3.5,Retido,N/A
CLI_10810,Sul,Premium,89.1,1,4.0,Retido,N/A
CLI_10811,Sudeste,Premium,12.0,3,1.6,Churn,2025-07-13
CLI_10812,Centro-Oeste,Padrão,112.1,0,4.4,Retido,N/A
CLI_10813,Sudeste,Premium,137.4,0,4.0,Retido,N/A
CLI_10814,Sudeste,Padrão,110.1,1,4.1,Retido,N/A
CLI_10815,Sudeste,Padrão,147.2,2,4.6,Retido,N/A
CLI_10816,Nordeste,Premium,115.7,99,4.6,Retido,N/A
CLI_10817,Sudeste,Básico,34.9,1,5.0,Retido,N/A
CLI_10818,Nordeste,Básico,114.5,0,3.5,Retido,N/A
CLI_10819,Sudeste,Padrão,149.0,1,3.7,Retido,N/A
CLI_10820,Sudeste,Básico,,1,4.0,Retido,N/A
CLI_10821,Centro-Oeste,Premium,94.7,1,3.7,Retido,N/A
CLI_10822,Sul,Padrão,66.3,1,4.9,Retido,N/A
CLI_10823,Sudeste,Básico,69.0,0,3.8,Retido,N/A
CLI_10824,Sudeste,Básico,34.0,1,3.2,Churn,2025-08-25
CLI_10825,Sudeste,Padrão,48.3,0,4.8,Retido,N/A
CLI_10826,Sul,Premium,155.2,0,3.8,Retido,N/A
CLI_10827,Sudeste,Básico,137.4,2,3.5,Retido,N/A
CLI_10828,Sudeste,Básico,89.9,0,4.0,Retido,N/A
CLI_10829,Norte,PADRÃO,108.5,0,4.4,Retido,N/A
CLI_10830,Nordeste,Premium,128.7,1,4.2,Retido,N/A
CLI_10831,Norte,Premium,63.2,0,3.9,Retido,N/A
CLI_10832,Nordeste,Básico,36.6,1,3.4,Churn,2025-08-26
CLI_10833,Sul,Básico,32.7,2,2.2,Churn,2025-08-12
CLI_10834,Nordeste,Premium,7.4,1,2.7,Churn,2025-08-07
CLI_10835,Nordeste,Padrão,,1,4.9,Retido,N/A
CLI_10836,Sudeste,Premium,36.3,2,3.0,Churn,2025-07-12
CLI_10837,Nordeste,Premium,122.5,0,4.0,Retido,N/A
CLI_10838,Sudeste,Básico,19.3,3,3.7,Churn,2025-08-01
CLI_10839,Sudeste,Premium,38.7,0,4.0,Retido,N/A
CLI_10840,Norte,Padrão,76.5,0,3.6,Retido,N/A
CLI_10841,Nordeste,Premium,115.5,0,3.7,Retido,N/A
CLI_10842,Sudeste,Padrão,86.5,2,3.7,Retido,N/A
CLI_10843,Sudeste,Básico,61.0,0,4.9,Retido,N/A
CLI_10844,Sudeste,Premium,82.1,0,3.8,Retido,N/A
CLI_10845,Sul,Premium,152.5,1,4.2,Retido,N/A
CLI_10846,Centro-Oeste,Básico,53.6,1,4.0,Retido,N/A
CLI_10847,Centro-Oeste,Padrão,36.1,2,2.7,Churn,2025-06-29
CLI_10848,Nordeste,Premium,35.4,1,3.4,Churn,2025-07-20
CLI_10849,Centro-Oeste,Padrão,5.8,2,2.8,Churn,2025-06-14
CLI_10850,Centro-Oeste,Básico,8.2,2,2.3,Churn,2025-05-28
CLI_10851,Centro-Oeste,Premium,22.6,2,1.9,Churn,2025-05-04
CLI_10852,Sudeste,Básico,72.6,1,4.0,Retido,N/A
CLI_10853,Sudeste,Básico,51.9,1,3.8,Retido,N/A
CLI_10854,Sudeste,Básico,87.9,0,3.7,Retido,N/A
CLI_10855,Centro-Oeste,Padrão,84.3,0,3.8,Retido,N/A
CLI_10856,Centro-Oeste,Padrão,78.6,2,3.8,Retido,N/A
CLI_10857,Centro-Oeste,Padrão,17.3,1,3.9,Churn,2025-07-22
CLI_10858,Sudeste,Padrão,62.8,0,3.8,Retido,N/A
CLI_10859,Norte,Padrão,113.0,2,3.8,Retido,N/A
CLI_10860,Sudeste,Padrão,64.5,2,4.9,Retido,N/A
CLI_10861,Sudeste,Padrão,15.0,3,3.1,Churn,2025-04-23
CLI_10862,Nordeste,Básico,29.7,1,3.8,Churn,2025-05-03
CLI_10863,Sudeste,Básico,21.8,2,3.6,Churn,2025-07-17
CLI_10864,Sudeste,Básico,17.2,1,2.6,Churn,2025-05-08
CLI_10865,Sudeste,Básico,12.2,3,1.8,Churn,2025-08-21
CLI_10866,Centro-Oeste,Básico,59.6,99,3.8,Retido,N/A
CLI_10867,Norte,Básico,72.3,1,4.6,Retido,N/A
CLI_10868,Sudeste,Premium,105.5,1,4.2,Retido,N/A
CLI_10869,Sudeste,Premium,39.6,2,3.7,Retido,N/A
CLI_10870,Sudeste,Premium,145.6,1,4.7,Retido,N/A
CLI_10871,Sudeste,Básico,135.4,0,4.8,Retido,N/A
CLI_10872,Sudeste,Premium,131.9,0,3.7,Retido,N/A
CLI_10873,Sudeste,Padrão,72.2,1,3.9,Retido,N/A
CLI_10874,Nordeste,Premium,112.2,0,4.6,Retido,N/A
CLI_10875,Sul,Padrão,69.7,0,4.5,Retido,N/A
CLI_10876,Sudeste,Padrão,128.4,0,4.2,Retido,N/A
CLI_10877,Centro-Oeste,Premium,137.0,0,4.6,Retido,N/A
CLI_10878,Nordeste,Padrão,57.0,2,4.4,Retido,N/A
CLI_10879,Sudeste,Padrão,70.8,0,4.0,Retido,N/A
CLI_10880,Centro-Oeste,Premium,62.8,0,3.5,Retido,N/A
CLI_10881,Centro-Oeste,Básico,29.1,2,2.7,Churn,2025-08-19
CLI_10882,Sudeste,Básico,147.2,0,3.6,Retido,N/A
CLI_10883,Sul,Premium,155.3,1,4.1,Retido,N/A
CLI_10884,Sudeste,Básico,52.2,3,2.0,Churn,2025-04-25
CLI_10885,Sul,Premium,143.2,0,3.7,Retido,N/A
CLI_10886,Sudeste,Básico,26.7,2,2.6,Churn,N/A
CLI_10887,Sudeste,Padrão,154.7,0,4.9,Retido,N/A
CLI_10888,Centro-Oeste,Padrão,111.1,1,4.3,Retido,N/A
CLI_10889,Sul,Básico,87.4,0,4.7,Retido,N/A
CLI_10890,Sudeste,Básico,28.1,2,1.7,Churn,2025-09-04
CLI_10891,Nordeste,Premium,142.7,2,4.5,Retido,N/A
CLI_10892,Centro-Oeste,Padrão,44.1,2,1.8,Churn,2025-07-04
CLI_10893,Sul,Padrão,106.5,2,4.6,Retido,N/A
CLI_10894,Centro-Oeste,Básico,7.4,1,2.0,Churn,2025-07-12
CLI_10895,Sudeste,Premium,55.5,0,4.6,Retido,N/A
CLI_10896,Sul,Básico,70.4,0,3.9,Retido,N/A
CLI_10897,Nordeste,Premium,139.9,0,4.6,Retido,N/A
CLI_10898,Centro-Oeste,Premium,102.4,2,4.9,Retido,N/A
CLI_10899,Sudeste,Básico,29.2,0,4.1,Retido,N/A
CLI_10900,Sudeste,Premium,116.3,0,4.1,Retido,N/A
CLI_10901,Sul,Premium,41.4,0,4.5,Retido,N/A
CLI_10902,Nordeste,Premium,107.7,1,4.8,Retido,N/A
CLI_10903,Sudeste,Básico,44.3,0,4.2,Retido,N/A
CLI_10904,Centro-Oeste,Padrão,96.5,1,4.0,Retido,N/A
CLI_10905,Sudeste,Padrão,86.2,0,4.0,Retido,N/A
CLI_10906,Sudeste,Premium,76.2,0,4.4,Retido,N/A
CLI_10907,Sudeste,Premium,42.1,2,3.5,Churn,2025-05-02
CLI_10908,Sul,Padrão,27.0,2,2.8,Churn,2025-06-21
CLI_10909,Sudeste,Padrão,22.7,2,2.1,Churn,2025-07-03
CLI_10910,Nordeste,Básico,111.5,0,3.6,Retido,N/A
CLI_10911,Sudeste,Básico,38.9,1,4.8,Retido,N/A
CLI_10912,Sudeste,Premium,35.9,1,1.6,Churn,2025-09-03
CLI_10913,Nordeste,Padrão,23.6,3,3.5,Churn,2025-08-09
CLI_10914,Centro-Oeste,Básico,41.9,2,2.7,Churn,2025-06-11
CLI_10915,Sudeste,Premium,63.9,1,4.5,Retido,N/A
CLI_10916,Centro-Oeste,Padrão,92.5,0,4.3,Retido,N/A
CLI_10917,Sul,Básico,78.9,0,4.0,Retido,N/A
CLI_10918,Sul,Padrão,77.5,1,4.9,Retido,N/A
CLI_10919,Nordeste,Premium,46.0,3,4.0,Churn,2025-07-25
CLI_10920,Centro-Oeste,Básico,61.9,2,4.4,Retido,N/A
CLI_10921,Sul,Premium,102.6,1,4.0,Retido,N/A
CLI_10922,Sudeste,Premium,104.4,1,3.5,Retido,N/A
CLI_10923,Nordeste,Premium,40.3,1,4.0,Churn,2025-05-09
CLI_10924,Sudeste,Básico,57.3,1,3.7,Retido,N/A
CLI_10925,Nordeste,Premium,52.3,0,4.3,Retido,N/A
CLI_10926,Centro-Oeste,Básico,51.4,0,3.7,Retido,N/A
CLI_10927,Sudeste,Padrão,139.1,0,4.8,Retido,N/A
CLI_10928,Sudeste,Padrão,109.0,0,4.5,Retido,N/A
CLI_10929,Sudeste,Padrão,131.3,0,4.2,Retido,N/A
CLI_10930,Sudeste,Padrão,5.9,1,2.8,Churn,2025-06-11
CLI_10931,Sudeste,Básico,148.8,0,3.8,Retido,N/A
CLI_10932,Sudeste,Padrão,30.9,1,2.5,Churn,2025-08-27
CLI_10933,Sudeste,Básico,29.2,1,3.8,Churn,2025-08-15
CLI_10934,Sudeste,Padrão,90.7,0,4.3,Retido,N/A
CLI_10935,Nordeste,Premium,55.8,1,5.0,Retido,N/A
CLI_10936,Centro-Oeste,Premium,111.6,2,4.1,Retido,N/A
CLI_10937,Norte,Premium,77.3,1,4.9,Retido,N/A
CLI_10938,Sul,Básico,111.0,0,4.4,Retido,N/A
CLI_10939,Sudeste,Básico,19.8,2,2.8,Churn,2025-08-21
CLI_10940,Sul,Padrão,71.1,2,3.7,Retido,N/A
CLI_10941,Sudeste,Padrão,56.4,2,5.0,Retido,N/A
CLI_10942,Sudeste,Premium,115.3,0,3.9,Retido,N/A
CLI_10943,Nordeste,Padrão,36.5,1,3.9,Retido,N/A
CLI_10944,Sul,Premium,149.6,1,3.8,Retido,N/A
CLI_10945,Sudeste,Premium,126.7,1,3.9,Retido,N/A
CLI_10946,Centro-Oeste,Padrão,120.3,1,4.4,Retido,N/A
CLI_10947,Sudeste,Premium,152.4,1,4.9,Retido,N/A
CLI_10948,Norte,Padrão,112.7,0,4.9,Retido,N/A
CLI_10949,Nordeste,Premium,15.8,2,2.9,Churn,N/A
CLI_10950,Nordeste,Padrão,49.5,1,3.8,Churn,2025-07-12
CLI_10951,Sudeste,Padrão,36.2,3,3.3,Churn,2025-05-06
CLI_10952,Sudeste,Básico,35.6,1,4.1,Retido,N/A
CLI_10953,Sudeste,Padrão,61.2,0,4.3,Retido,N/A
CLI_10954,Centro-Oeste,Padrão,140.0,1,4.5,Retido,N/A
CLI_10955,Sul,Premium,35.3,0,3.8,Retido,N/A
CLI_10956,Centro-Oeste,Básico,120.8,0,4.6,Retido,N/A
CLI_10957,Sudeste,Padrão,79.9,1,3.9,Retido,N/A
CLI_10958,Centro-Oeste,Básico,84.6,0,4.0,Retido,N/A
CLI_10959,Sudeste,Básico,66.8,1,4.4,Retido,N/A
CLI_10960,Centro-Oeste,Básico,134.9,2,3.6,Retido,N/A
CLI_10961,Centro-Oeste,Premium,124.8,0,3.5,Retido,N/A
CLI_10962,Centro-Oeste,Padrão,63.7,0,3.8,Retido,N/A
CLI_10963,Sudeste,Premium,38.5,0,3.6,Retido,N/A
CLI_10964,Sudeste,Padrão,78.2,0,4.8,Retido,N/A
CLI_10965,Nordeste,Padrão,29.7,2,1.7,Churn,2025-07-02
CLI_10966,Sudeste,Padrão,91.3,2,4.9,Retido,N/A
CLI_10967,Centro-Oeste,Básico,160.1,1,4.9,Retido,N/A
CLI_10968,Centro-Oeste,Premium,103.3,0,4.2,Retido,N/A
CLI_10969,Sudeste,Padrão,51.5,0,4.1,Retido,N/A
CLI_10970,Sul,Básico,27.6,2,3.2,Churn,2025-05-14
CLI_10971,Nordeste,Padrão,,2,2.4,Churn,2025-06-15
CLI_10972,Norte,Básico,26.1,1,3.4,Churn,2025-06-04
CLI_10973,Sudeste,Básico,50.2,1,4.6,Retido,N/A
CLI_10974,Sul,Básico,37.9,2,2.6,Churn,2025-08-15
CLI_10975,Sudeste,Padrão,25.7,3,2.8,Churn,2025-08-08
CLI_10976,Norte,Básico,29.9,0,3.7,Retido,N/A
CLI_10977,Sul,Padrão,98.6,1,3.7,Retido,N/A
CLI_10978,Sul,Premium,103.5,0,3.5,Retido,N/A
CLI_10979,Nordeste,Premium,78.8,1,4.2,Retido,N/A
CLI_10980,Centro-Oeste,Premium,,0,4.0,Retido,N/A
CLI_10981,Sudeste,Básico,56.9,0,4.5,Retido,N/A
CLI_10982,Sudeste,Básico,82.0,0,4.1,Retido,N/A
CLI_10983,Sudeste,Premium,85.6,1,4.0,Retido,N/A
CLI_10984,Nordeste,Premium,113.5,0,4.8,Retido,N/A
CLI_10985,Sudeste,Básico,131.7,1,3.6,Retido,N/A
CLI_10986,Centro-Oeste,Básico,54.8,1,4.9,Retido,N/A
CLI_10987,Norte,Premium,101.5,0,3.5,Retido,N/A
CLI_10988,Centro-Oeste,Premium,148.9,1,4.7,Retido,N/A
CLI_10989,Sudeste,Premium,136.2,0,3.5,Retido,N/A
CLI_10990,Centro-Oeste,Premium,38.9,99,3.2,Churn,N/A
CLI_10991,Sudeste,Padrão,43.6,0,4.9,Retido,N/A
CLI_10992,Sul,Padrão,40.3,1,3.3,Churn,2025-09-08
CLI_10993,Sudeste,Padrão,95.7,0,3.7,Retido,N/A
CLI_10994,Sudeste,Premium,,0,4.8,Retido,N/A
CLI_10995,Sudeste,Premium,94.0,1,4.2,Retido,N/A
CLI_10996,Sudeste,Padrão,56.6,0,4.1,Retido,N/A
CLI_10997,Sul,Básico,138.6,1,4.1,Retido,N/A
CLI_10998,Sudeste,Premium,102.8,0,4.5,Retido,N/A
CLI_10999,Sudeste,Básico,117.2,0,4.9,Retido,N/A
CLI_11000,Sudeste,Básico,49.6,2,4.7,Retido,N/A
CLI_11001,Sul,Premium,116.0,0,4.7,Retido,N/A
CLI_11002,Sul,Premium,106.9,0,4.8,Retido,N/A
CLI_11003,Nordeste,Padrão,132.8,1,4.2,Retido,N/A
CLI_11004,Nordeste,Básico,33.0,1,3.3,Churn,2025-08-12
CLI_11005,Sul,Premium,87.6,0,4.2,Retido,N/A
CLI_11006,Sudeste,Básico,48.5,1,4.7,Retido,N/A
CLI_11007,Sul,Padrão,32.1,99,4.8,Retido,N/A
CLI_11008,Centro-Oeste,Premium,40.7,0,4.8,Retido,N/A
CLI_11009,Sudeste,Padrão,19.8,1,3.1,Churn,2025-06-28
CLI_11010,Sudeste,Premium,45.6,2,2.6,Churn,2025-09-16
CLI_11011,Sul,Premium,122.3,0,4.7,Retido,N/A
CLI_11012,Sul,Padrão,49.5,2,2.8,Churn,2025-08-10
CLI_11013,Sul,Premium,119.1,1,4.9,Retido,N/A
CLI_11014,Nordeste,Básico,70.6,0,4.7,Retido,N/A
CLI_11015,Centro-Oeste,Padrão,37.7,0,3.8,Retido,N/A
CLI_11016,Sudeste,Premium,30.7,1,4.5,Retido,N/A
CLI_11017,Nordeste,Padrão,77.9,0,3.6,Retido,N/A
CLI_11018,Sudeste,Padrão,80.8,2,4.3,Retido,N/A
CLI_11019,Centro-Oeste,Padrão,15.2,2,2.2,Churn,2025-04-27
CLI_11020,Norte,Premium,86.5,0,4.8,Retido,N/A
CLI_11021,Sudeste,Padrão,60.9,1,4.8,Retido,N/A
CLI_11022,Sul,Premium,83.3,1,4.4,Retido,N/A
CLI_11023,Nordeste,Básico,43.3,3,3.7,Churn,2025-07-05
CLI_11024,Sul,PADRÃO,151.8,1,3.6,Retido,N/A
CLI_11025,Sul,Básico,64.6,0,5.0,Retido,N/A
CLI_11026,Sudeste,Básico,116.6,0,3.9,Retido,N/A
CLI_11027,Sudeste,Padrão,8.5,2,2.7,Churn,2025-09-05
CLI_11028,Centro-Oeste,Padrão,10.9,1,3.4,Churn,2025-04-30
CLI_11029,Sul,Básico,75.2,0,4.3,Retido,N/A
CLI_11030,Sul,Premium,130.5,0,3.8,Retido,N/A
CLI_11031,Sul,Básico,103.5,0,5.0,Retido,N/A
CLI_11032,Sul,Padrão,90.4,0,4.8,Retido,N/A
CLI_11033,Sul,Premium,33.5,1,4.1,Retido,N/A
CLI_11034,Sudeste,Premium,39.7,99,3.8,Retido,N/A
CLI_11035,Sudeste,Padrão,133.5,1,3.8,Retido,N/A
CLI_11036,Norte,Premium,,0,4.8,Retido,N/A
CLI_11037,Sudeste,Premium,69.0,0,4.6,Retido,N/A
CLI_11038,Sudeste,Padrão,76.9,0,4.2,Retido,N/A
CLI_11039,Centro-Oeste,Padrão,111.5,1,3.7,Retido,N/A
CLI_11040,Sudeste,Básico,74.8,0,4.1,Retido,N/A
CLI_11041,Sudeste,Premium,23.8,2,3.4,Churn,2025-06-29
CLI_11042,Centro-Oeste,Básico,122.3,0,3.9,Retido,N/A
CLI_11043,Centro-Oeste,Premium,49.5,1,4.7,Retido,N/A
CLI_11044,Sudeste,Padrão,79.1,1,4.9,Retido,N/A
CLI_11045,Centro-Oeste,Básico,123.0,0,3.6,Retido,N/A
CLI_11046,Nordeste,Básico,121.3,1,4.1,Retido,N/A
CLI_11047,Sul,Padrão,16.8,2,2.2,Churn,2025-08-22
CLI_11048,Sul,Básico,106.4,0,4.5,Retido,N/A
CLI_11049,Centro-Oeste,Premium,72.1,0,4.4,Retido,N/A
CLI_11050,Centro-Oeste,Básico,46.7,1,1.9,Churn,2025-05-10
CLI_11051,Centro-Oeste,Padrão,38.9,1,3.8,Churn,2025-06-10
CLI_11052,Nordeste,Premium,73.2,0,4.2,Retido,N/A
CLI_11053,Sudeste,Premium,92.0,0,4.0,Retido,N/A
CLI_11054,Sul,Básico,114.0,0,5.0,Retido,N/A
CLI_11055,Nordeste,Padrão,15.9,1,2.6,Churn,2025-05-28
CLI_11056,Centro-Oeste,Básico,73.5,0,4.4,Retido,N/A
CLI_11057,Centro-Oeste,Padrão,125.7,0,4.1,Retido,N/A
CLI_11058,Sudeste,Padrão,53.4,1,4.1,Retido,N/A
CLI_11059,Centro-Oeste,Básico,104.3,2,4.4,Retido,N/A
CLI_11060,Centro-Oeste,Premium,140.5,0,3.5,Retido,N/A
CLI_11061,Sudeste,Premium,125.4,0,4.3,Retido,N/A
CLI_11062,Sudeste,Padrão,102.4,0,3.7,Retido,N/A
CLI_11063,Centro-Oeste,Premium,82.7,1,3.7,Retido,N/A
CLI_11064,Centro-Oeste,Padrão,122.5,0,4.1,Retido,N/A
CLI_11065,Nordeste,Básico,91.2,0,4.7,Retido,N/A
CLI_11066,Sudeste,Premium,34.8,0,4.6,Retido,N/A
CLI_11067,Sudeste,Básico,114.1,0,3.7,Retido,N/A
CLI_11068,Sul,Básico,72.4,1,4.8,Retido,N/A
CLI_11069,Norte,Básico,59.5,0,4.6,Retido,N/A
CLI_11070,Nordeste,Premium,52.5,0,3.6,Retido,N/A
CLI_11071,Sudeste,Básico,142.3,1,4.5,Retido,N/A
CLI_11072,Sudeste,Padrão,110.7,0,5.0,Retido,N/A
CLI_11073,Sudeste,Padrão,140.4,0,3.8,Retido,N/A
CLI_11074,Centro-Oeste,Básico,100.4,1,4.4,Retido,N/A
CLI_11075,Norte,Padrão,35.9,1,2.0,Churn,2025-04-29
CLI_11076,Centro-Oeste,Padrão,99.0,0,4.6,Retido,N/A
CLI_11077,Sul,Básico,85.8,1,4.3,Retido,N/A
CLI_11078,Norte,Básico,44.3,0,4.6,Retido,N/A
CLI_11079,Sudeste,Padrão,75.6,1,4.3,Retido,N/A
CLI_11080,Nordeste,Padrão,32.0,1,4.1,Retido,N/A
CLI_11081,Nordeste,Básico,36.4,3,2.0,Churn,2025-06-24
CLI_11082,Sudeste,Premium,37.6,0,4.1,Retido,N/A
CLI_11083,Sudeste,Premium,154.9,0,3.8,Retido,N/A
CLI_11084,Nordeste,Padrão,27.5,1,1.8,Churn,2025-07-31
CLI_11085,Sul,Premium,95.0,0,4.2,Retido,N/A
CLI_11086,Sudeste,Premium,83.2,0,3.7,Retido,N/A
CLI_11087,Sudeste,Premium,48.0,1,3.1,Churn,2025-05-25
CLI_11088,Nordeste,Padrão,38.2,1,3.9,Retido,N/A
CLI_11089,Sudeste,Padrão,70.0,0,3.7,Retido,N/A
CLI_11090,Sudeste,Básico,33.6,0,3.7,Retido,N/A
CLI_11091,Centro-Oeste,Premium,95.9,0,4.9,Retido,N/A
CLI_11092,Sudeste,Premium,108.6,2,3.8,Retido,N/A
CLI_11093,Nordeste,Padrão,35.3,0,3.8,Retido,N/A
CLI_11094,Nordeste,Padrão,7.6,3,1.9,Churn,2025-07-02
CLI_11095,Centro-Oeste,Padrão,55.7,0,4.0,Retido,N/A
CLI_11096,Sul,Premium,127.2,0,3.9,Retido,N/A
CLI_11097,Sul,Premium,42.0,0,4.4,Retido,N/A
CLI_11098,Centro-Oeste,Básico,142.9,0,4.3,Retido,N/A
CLI_11099,Centro-Oeste,Premium,63.7,0,4.0,Retido,N/A
CLI_11100,Sul,Padrão,73.2,0,4.6,Retido,N/A
CLI_11101,Centro-Oeste,Padrão,120.0,0,4.2,Retido,N/A
CLI_11102,Sudeste,Premium,34.9,0,4.4,Retido,N/A
CLI_11103,Sudeste,Premium,126.2,1,3.5,Retido,N/A
CLI_11104,Sudeste,Premium,96.7,0,4.8,Retido,N/A
CLI_11105,Sudeste,Premium,81.5,1,4.3,Retido,N/A
CLI_11106,Sudeste,Premium,39.4,0,3.9,Retido,N/A
CLI_11107,Sudeste,Básico,120.0,1,3.5,Retido,N/A
CLI_11108,Sudeste,Básico,76.1,0,4.3,Retido,N/A
CLI_11109,Sudeste,Básico,66.6,0,4.7,Retido,N/A
CLI_11110,Centro-Oeste,Premium,114.0,0,5.0,Retido,N/A
CLI_11111,Nordeste,Premium,126.4,0,4.7,Retido,N/A
CLI_11112,Centro-Oeste,Básico,81.2,1,4.7,Retido,N/A
CLI_11113,Centro-Oeste,Padrão,23.0,2,2.1,Churn,2025-06-08
CLI_11114,Sudeste,Básico,139.0,0,4.9,Retido,N/A
CLI_11115,Nordeste,Padrão,31.4,0,4.0,Retido,N/A
CLI_11116,Sul,Premium,150.7,1,4.3,Retido,N/A
CLI_11117,Nordeste,Básico,5.9,2,1.9,Churn,2025-07-11
CLI_11118,Sudeste,Premium,17.7,1,3.3,Churn,2025-05-26
CLI_11119,Centro-Oeste,Padrão,117.4,0,3.6,Retido,N/A
CLI_11120,Centro-Oeste,Básico,121.8,0,4.3,Retido,N/A
CLI_11121,Centro-Oeste,Premium,36.5,3,3.3,Churn,2025-08-30
CLI_11122,Centro-Oeste,Premium,114.4,2,4.0,Retido,N/A
CLI_11123,Sudeste,Básico,136.8,0,4.9,Retido,N/A
CLI_11124,Sudeste,Premium,140.9,0,4.9,Retido,N/A
CLI_11125,Sudeste,Básico,34.2,0,4.0,Retido,N/A
CLI_11126,Sudeste,Premium,83.4,0,3.5,Retido,N/A
CLI_11127,Sul,Básico,141.8,1,4.1,Retido,N/A
CLI_11128,Sudeste,Premium,77.6,2,4.5,Retido,N/A
CLI_11129,Sul,Premium,77.8,0,4.0,Retido,N/A
CLI_11130,Sul,Básico,37.6,0,3.8,Retido,N/A
CLI_11131,Sudeste,Premium,132.9,0,4.6,Retido,N/A
CLI_11132,Sudeste,Básico,32.4,0,4.7,Retido,N/A
CLI_11133,Nordeste,Básico,101.6,1,4.7,Retido,N/A
CLI_11134,Sul,Padrão,17.9,1,1.8,Churn,2025-09-01
CLI_11135,Norte,Premium,,2,4.4,Retido,N/A
CLI_11136,Centro-Oeste,Padrão,63.9,0,4.9,Retido,N/A
CLI_11137,Centro-Oeste,Premium,18.1,2,1.7,Churn,2025-08-07
CLI_11138,Nordeste,Padrão,81.6,0,4.2,Retido,N/A
CLI_11139,Centro-Oeste,Padrão,124.9,0,3.9,Retido,N/A
CLI_11140,Sudeste,Básico,35.8,1,3.1,Churn,2025-05-26
CLI_11141,Sul,Premium,45.5,1,3.6,Retido,N/A
CLI_11142,Sul,Básico,93.7,1,4.1,Retido,N/A
CLI_11143,Sudeste,Premium,89.8,1,4.2,Retido,N/A
CLI_11144,Sudeste,Básico,117.7,0,3.6,Retido,N/A
CLI_11145,Sudeste,Padrão,12.5,1,3.3,Churn,2025-06-24
CLI_11146,Sudeste,Premium,142.6,1,4.6,Retido,N/A
CLI_11147,Sul,Básico,27.4,0,4.1,Retido,N/A
CLI_11148,Sudeste,Básico,52.7,1,4.5,Retido,N/A
CLI_11149,Sudeste,Premium,88.1,0,4.2,Retido,N/A
CLI_11150,Sudeste,Básico,96.8,1,4.0,Retido,N/A
CLI_11151,Centro-Oeste,Básico,57.3,0,4.6,Retido,N/A
CLI_11152,Sul,Premium,87.5,99,4.7,Retido,N/A
CLI_11153,Nordeste,Premium,45.5,2,4.7,Retido,N/A
CLI_11154,Nordeste,Básico,30.6,1,2.6,Churn,2025-08-17
CLI_11155,Sudeste,Premium,57.8,0,4.1,Retido,N/A
CLI_11156,Sudeste,Básico,83.7,1,4.0,Retido,N/A
CLI_11157,Sudeste,Premium,150.4,1,4.9,Retido,N/A
CLI_11158,Nordeste,Básico,38.6,1,3.3,Churn,2025-06-05
CLI_11159,Sudeste,Básico,,0,3.5,Retido,N/A
CLI_11160,Sudeste,Premium,8.3,3,1.9,Churn,2025-09-06
CLI_11161,Centro-Oeste,Premium,32.5,2,3.3,Churn,2025-09-14
CLI_11162,Nordeste,Premium,90.8,0,4.6,Retido,N/A
CLI_11163,Sudeste,Premium,129.6,0,4.9,Retido,N/A
CLI_11164,Sudeste,Padrão,99.7,0,4.0,Retido,N/A
CLI_11165,Sudeste,Premium,105.9,1,3.8,Retido,N/A
CLI_11166,Sudeste,Premium,91.9,0,3.6,Retido,N/A
CLI_11167,Nordeste,Básico,86.8,0,3.7,Retido,N/A
CLI_11168,Sudeste,Padrão,90.5,0,4.2,Retido,N/A
CLI_11169,Centro-Oeste,Básico,32.9,1,4.5,Retido,N/A
CLI_11170,Centro-Oeste,Padrão,15.2,1,2.8,Churn,2025-09-08
CLI_11171,Nordeste,Padrão,110.4,0,3.8,Retido,N/A
CLI_11172,Centro-Oeste,Básico,122.1,1,3.7,Retido,N/A
CLI_11173,Nordeste,Básico,87.0,0,4.9,Retido,N/A
CLI_11174,Sudeste,Básico,127.5,1,3.6,Retido,N/A
CLI_11175,Centro-Oeste,Básico,35.4,0,3.9,Retido,N/A
CLI_11176,Sudeste,Básico,132.6,1,3.6,Retido,N/A
CLI_11177,Sudeste,Padrão,82.2,0,4.1,Retido,N/A
CLI_11178,Nordeste,Premium,48.6,2,4.2,Retido,N/A
CLI_11179,Sul,Básico,56.7,1,4.8,Retido,N/A
CLI_11180,Sul,Premium,65.3,1,4.7,Retido,N/A
CLI_11181,Nordeste,Básico,124.4,0,4.2,Retido,N/A
CLI_11182,Centro-Oeste,Padrão,37.7,0,4.1,Retido,N/A
CLI_11183,Sudeste,Padrão,90.7,0,4.4,Retido,N/A
CLI_11184,Centro-Oeste,Básico,81.2,1,3.6,Retido,N/A
CLI_11185,Centro-Oeste,Premium,28.0,1,2.1,Churn,2025-09-11
CLI_11186,Sul,Premium,105.0,0,4.9,Retido,N/A
CLI_11187,Nordeste,Básico,68.2,2,3.9,Retido,N/A
CLI_11188,Sul,Premium,36.1,1,5.0,Retido,N/A
CLI_11189,Centro-Oeste,Premium,83.7,1,3.8,Retido,N/A
CLI_11190,Sudeste,Básico,98.8,1,3.5,Retido,N/A
CLI_11191,Sudeste,Premium,78.9,0,3.8,Retido,N/A
CLI_11192,Centro-Oeste,Básico,119.3,1,3.6,Retido,N/A
CLI_11193,Centro-Oeste,Padrão,127.6,0,4.3,Retido,N/A
CLI_11194,Sudeste,Premium,147.9,2,3.5,Retido,N/A
CLI_11195,Sudeste,Premium,108.4,0,4.8,Retido,N/A
CLI_11196,Sudeste,Básico,57.8,99,4.4,Retido,N/A
CLI_11197,Sudeste,Premium,88.5,2,4.2,Retido,N/A
CLI_11198,Sul,Premium,89.0,1,3.5,Retido,N/A
CLI_11199,Centro-Oeste,Premium,66.0,0,4.2,Retido,N/A
CLI_11200,Sul,Básico,79.1,1,4.5,Retido,N/A
